"bogencoo","LAKE..OF..OC..RC.","RIVER..OF.","POND..OC..RC.","TOWER..RF..RI..RN.","DC","OS"
"combogencoo^3^1",NA,1,NA,NA,NA,NA
"combogencoo^3^2",NA,1,NA,NA,NA,NA
"combogencoo^3^3",NA,NA,NA,1,NA,NA
"combogencoo^3^4",NA,NA,NA,1,NA,NA
"combogencoo^7^1",NA,1,NA,NA,NA,NA
"combogencoo^8^1",NA,1,NA,NA,NA,NA
"combogencoo^8^2",NA,1,NA,NA,NA,NA
"combogencoo^8^3",NA,1,NA,NA,NA,NA
"combogencoo^10^1",NA,1,NA,NA,NA,NA
"combogencoo^26^1",NA,1,NA,NA,NA,NA
"combogencoo^26^2",NA,1,NA,NA,NA,NA
"combogencoo^26^3",NA,NA,NA,1,NA,NA
"combogencoo^46^1",0.8,NA,NA,0.2,NA,NA
"combogencoo^51^1",NA,NA,NA,1,NA,NA
"combogencoo^56^1",NA,1,NA,NA,NA,NA
"combogencoo^56^2",NA,NA,NA,1,NA,NA
"combogencoo^59^1",NA,NA,NA,1,NA,NA
"combogencoo^60^1",NA,NA,NA,1,NA,NA
"combogencoo^60^2",NA,NA,NA,1,NA,NA
"combogencoo^79^1",NA,1,NA,NA,NA,NA
"combogencoo^87^1",NA,NA,NA,1,NA,NA
"combogencoo^108^1",NA,NA,NA,1,NA,NA
"combogencoo^113^1",NA,NA,NA,1,NA,NA
"combogencoo^113^2",NA,NA,NA,1,NA,NA
"combogencoo^113^3",NA,NA,NA,1,NA,NA
"combogencoo^116^1",NA,NA,NA,1,NA,NA
"combogencoo^116^2",NA,NA,NA,1,NA,NA
"combogencoo^117^1",NA,NA,NA,1,NA,NA
"combogencoo^117^2",NA,NA,NA,1,NA,NA
"combogencoo^117^3",NA,NA,NA,1,NA,NA
"combogencoo^120^1",NA,NA,NA,1,NA,NA
"combogencoo^126^1",NA,NA,NA,1,NA,NA
"combogencoo^126^2",NA,NA,NA,1,NA,NA
"combogencoo^126^3",NA,NA,NA,1,NA,NA
"combogencoo^126^4",NA,NA,NA,1,NA,NA
"combogencoo^127^1",NA,NA,NA,1,NA,NA
"combogencoo^130^1",NA,NA,NA,1,NA,NA
"combogencoo^130^2",NA,NA,NA,1,NA,NA
"combogencoo^130^3",NA,NA,NA,1,NA,NA
"combogencoo^130^4",NA,NA,NA,1,NA,NA
"combogencoo^136^1",NA,NA,NA,1,NA,NA
"combogencoo^136^2",NA,NA,NA,1,NA,NA
"combogencoo^141^1",NA,NA,NA,1,NA,NA
"combogencoo^141^2",NA,NA,NA,1,NA,NA
"combogencoo^141^3",NA,NA,NA,1,NA,NA
"combogencoo^147^1",NA,NA,NA,1,NA,NA
"combogencoo^160^1",NA,NA,NA,1,NA,NA
"combogencoo^160^2",NA,NA,NA,1,NA,NA
"combogencoo^160^3",NA,NA,NA,1,NA,NA
"combogencoo^165^1",NA,NA,NA,1,NA,NA
"combogencoo^165^2",NA,NA,NA,1,NA,NA
"combogencoo^165^3",NA,NA,NA,1,NA,NA
"combogencoo^170^1",1,NA,NA,NA,NA,NA
"combogencoo^201^1",NA,0.85,NA,0.15,NA,NA
"combogencoo^202^1",NA,1,NA,NA,NA,NA
"combogencoo^203^1",NA,1,NA,NA,NA,NA
"combogencoo^204^1",1,NA,NA,NA,NA,NA
"combogencoo^207^1",NA,NA,NA,1,NA,NA
"combogencoo^207^2",NA,NA,NA,1,NA,NA
"combogencoo^210^1",NA,NA,1,NA,NA,NA
"combogencoo^260^1",NA,NA,NA,NA,NA,1
"combogencoo^260^2",NA,NA,NA,NA,NA,1
"combogencoo^260^3",NA,NA,NA,NA,NA,1
"combogencoo^260^4",NA,NA,NA,NA,NA,1
"combogencoo^298^1",NA,NA,NA,1,NA,NA
"combogencoo^298^2",NA,NA,NA,1,NA,NA
"combogencoo^302^1",NA,NA,NA,NA,NA,1
"combogencoo^302^2",NA,NA,NA,NA,NA,1
"combogencoo^302^3",NA,NA,NA,NA,NA,1
"combogencoo^302^4",NA,NA,NA,NA,NA,1
"combogencoo^302^5",NA,NA,NA,NA,NA,1
"combogencoo^315^1",NA,NA,NA,NA,NA,1
"combogencoo^315^2",NA,NA,NA,NA,NA,1
"combogencoo^315^3",NA,NA,NA,NA,NA,1
"combogencoo^315^4",NA,NA,NA,NA,NA,1
"combogencoo^315^5",NA,NA,NA,NA,NA,1
"combogencoo^315^6",NA,NA,NA,NA,NA,1
"combogencoo^331^1",NA,NA,NA,1,NA,NA
"combogencoo^331^2",NA,NA,NA,1,NA,NA
"combogencoo^335^1",NA,NA,NA,NA,NA,1
"combogencoo^345^1",NA,NA,NA,NA,NA,1
"combogencoo^350^1",NA,NA,NA,NA,NA,1
"combogencoo^356^1",NA,NA,NA,NA,NA,1
"combogencoo^356^2",NA,NA,NA,NA,NA,1
"combogencoo^356^3",NA,NA,NA,NA,NA,1
"combogencoo^356^4",NA,NA,NA,NA,NA,1
"combogencoo^358^1",NA,NA,NA,1,NA,NA
"combogencoo^358^2",NA,NA,NA,1,NA,NA
"combogencoo^371^1",NA,NA,NA,1,NA,NA
"combogencoo^377^1",NA,NA,NA,1,NA,NA
"combogencoo^377^2",NA,NA,NA,1,NA,NA
"combogencoo^377^3",NA,NA,NA,1,NA,NA
"combogencoo^377^4",NA,NA,NA,1,NA,NA
"combogencoo^384^1",NA,0.7,NA,0.3,NA,NA
"combogencoo^384^2",NA,0.7,NA,0.3,NA,NA
"combogencoo^389^1",NA,NA,NA,1,NA,NA
"combogencoo^389^2",NA,NA,NA,1,NA,NA
"combogencoo^389^3",NA,NA,NA,1,NA,NA
"combogencoo^399^1",NA,NA,NA,NA,NA,1
"combogencoo^400^1",NA,NA,NA,NA,NA,1
"combogencoo^400^2",NA,NA,NA,NA,NA,1
"combogencoo^400^3",NA,NA,NA,NA,NA,1
"combogencoo^404^1",NA,NA,NA,NA,NA,1
"combogencoo^404^2",NA,NA,NA,NA,NA,1
"combogencoo^408^1",NA,NA,NA,1,NA,NA
"combogencoo^422^1",NA,NA,NA,1,NA,NA
"combogencoo^469^1",NA,NA,NA,1,NA,NA
"combogencoo^469^2",NA,NA,NA,1,NA,NA
"combogencoo^469^3",NA,NA,NA,1,NA,NA
"combogencoo^470^1",NA,NA,NA,1,NA,NA
"combogencoo^470^2",NA,NA,NA,1,NA,NA
"combogencoo^470^3",NA,NA,NA,0.63,0.37,NA
"combogencoo^492^1",NA,NA,NA,1,NA,NA
"combogencoo^492^2",NA,NA,NA,1,NA,NA
"combogencoo^492^3",NA,NA,NA,1,NA,NA
"combogencoo^493^1",NA,NA,NA,1,NA,NA
"combogencoo^493^2",NA,NA,NA,1,NA,NA
"combogencoo^493^3",NA,NA,NA,1,NA,NA
"combogencoo^525^1",NA,NA,NA,1,NA,NA
"combogencoo^525^2",NA,NA,NA,1,NA,NA
"combogencoo^527^1",NA,NA,NA,1,NA,NA
"combogencoo^533^1",NA,NA,NA,1,NA,NA
"combogencoo^533^2",NA,NA,NA,1,NA,NA
"combogencoo^546^1",NA,NA,NA,NA,NA,1
"combogencoo^546^2",NA,NA,NA,NA,NA,1
"combogencoo^550^1",NA,NA,NA,1,NA,NA
"combogencoo^562^1",NA,1,NA,NA,NA,NA
"combogencoo^562^2",NA,1,NA,NA,NA,NA
"combogencoo^562^3",NA,NA,NA,1,NA,NA
"combogencoo^564^1",NA,NA,NA,1,NA,NA
"combogencoo^564^2",NA,NA,NA,1,NA,NA
"combogencoo^564^3",NA,NA,NA,1,NA,NA
"combogencoo^566^1",NA,NA,NA,NA,NA,1
"combogencoo^568^1",NA,NA,NA,NA,NA,1
"combogencoo^589^1",NA,NA,NA,1,NA,NA
"combogencoo^593^1",NA,NA,NA,NA,NA,1
"combogencoo^593^2",NA,NA,NA,NA,NA,1
"combogencoo^593^3",NA,NA,NA,NA,NA,1
"combogencoo^594^1",NA,NA,NA,1,NA,NA
"combogencoo^599^1",NA,NA,NA,1,NA,NA
"combogencoo^599^2",NA,NA,NA,1,NA,NA
"combogencoo^602^1",NA,NA,NA,1,NA,NA
"combogencoo^602^2",NA,NA,NA,1,NA,NA
"combogencoo^609^1",NA,NA,NA,NA,NA,1
"combogencoo^612^1",NA,NA,NA,0.2,NA,0.8
"combogencoo^613^1",NA,NA,NA,NA,NA,1
"combogencoo^613^2",NA,NA,NA,NA,NA,1
"combogencoo^617^1",NA,NA,NA,NA,NA,1
"combogencoo^619^1",NA,NA,NA,NA,NA,1
"combogencoo^620^1",NA,NA,1,NA,NA,NA
"combogencoo^621^1",NA,NA,NA,NA,NA,1
"combogencoo^621^2",NA,NA,NA,1,NA,NA
"combogencoo^621^3",NA,NA,NA,NA,NA,1
"combogencoo^628^1",NA,NA,NA,NA,NA,1
"combogencoo^628^2",NA,NA,NA,NA,NA,1
"combogencoo^628^3",NA,NA,NA,1,NA,NA
"combogencoo^628^4",NA,NA,NA,1,NA,NA
"combogencoo^628^5",NA,NA,NA,1,NA,NA
"combogencoo^628^6",NA,NA,NA,1,NA,NA
"combogencoo^634^1",NA,NA,NA,NA,NA,1
"combogencoo^641^1",NA,0.5,NA,0.5,NA,NA
"combogencoo^641^2",NA,NA,NA,1,NA,NA
"combogencoo^641^3",NA,NA,NA,1,NA,NA
"combogencoo^643^1",NA,NA,NA,NA,NA,1
"combogencoo^643^2",NA,NA,NA,1,NA,NA
"combogencoo^645^1",NA,NA,NA,NA,NA,1
"combogencoo^645^2",NA,NA,NA,NA,NA,1
"combogencoo^645^3",NA,NA,NA,NA,NA,1
"combogencoo^645^4",NA,NA,NA,NA,NA,1
"combogencoo^649^1",NA,NA,NA,1,NA,NA
"combogencoo^663^1",NA,NA,NA,1,NA,NA
"combogencoo^663^2",NA,NA,NA,1,NA,NA
"combogencoo^664^1",NA,NA,NA,1,NA,NA
"combogencoo^667^1",NA,NA,NA,NA,NA,1
"combogencoo^667^2",NA,NA,NA,NA,NA,1
"combogencoo^667^3",NA,NA,NA,NA,NA,1
"combogencoo^673^1",NA,NA,NA,1,NA,NA
"combogencoo^673^2",NA,NA,NA,1,NA,NA
"combogencoo^675^1",1,NA,NA,NA,NA,NA
"combogencoo^676^1",1,NA,NA,NA,NA,NA
"combogencoo^676^2",NA,NA,NA,1,NA,NA
"combogencoo^676^3",NA,NA,NA,1,NA,NA
"combogencoo^676^4",NA,NA,NA,1,NA,NA
"combogencoo^688^1",NA,NA,NA,1,NA,NA
"combogencoo^688^2",NA,NA,NA,1,NA,NA
"combogencoo^689^1",NA,NA,NA,1,NA,NA
"combogencoo^703^1",NA,NA,NA,1,NA,NA
"combogencoo^703^2",NA,NA,NA,1,NA,NA
"combogencoo^703^3",NA,NA,NA,1,NA,NA
"combogencoo^703^4",NA,NA,NA,1,NA,NA
"combogencoo^708^1",NA,1,NA,NA,NA,NA
"combogencoo^708^2",NA,1,NA,NA,NA,NA
"combogencoo^708^3",NA,1,NA,NA,NA,NA
"combogencoo^708^4",NA,1,NA,NA,NA,NA
"combogencoo^710^1",NA,NA,NA,1,NA,NA
"combogencoo^710^2",NA,NA,NA,1,NA,NA
"combogencoo^710^3",NA,NA,NA,1,NA,NA
"combogencoo^728^4",NA,NA,NA,1,NA,NA
"combogencoo^728^5",NA,NA,NA,1,NA,NA
"combogencoo^728^6",NA,NA,NA,1,NA,NA
"combogencoo^728^7",NA,NA,NA,1,NA,NA
"combogencoo^728^1",NA,NA,NA,1,NA,NA
"combogencoo^728^2",NA,NA,NA,1,NA,NA
"combogencoo^728^3",NA,NA,NA,1,NA,NA
"combogencoo^753^1",1,NA,NA,NA,NA,NA
"combogencoo^765^1",NA,NA,NA,NA,NA,1
"combogencoo^766^1",NA,NA,NA,NA,NA,1
"combogencoo^766^2",NA,NA,NA,NA,NA,1
"combogencoo^766^3",NA,NA,NA,NA,NA,1
"combogencoo^772^1",NA,NA,NA,1,NA,NA
"combogencoo^772^2",NA,NA,NA,1,NA,NA
"combogencoo^856^1",NA,1,NA,NA,NA,NA
"combogencoo^856^2",NA,1,NA,NA,NA,NA
"combogencoo^856^3",NA,1,NA,NA,NA,NA
"combogencoo^861^1",0.7,NA,NA,0.3,NA,NA
"combogencoo^861^2",0.7,NA,NA,0.3,NA,NA
"combogencoo^862^1",NA,1,NA,NA,NA,NA
"combogencoo^862^2",NA,1,NA,NA,NA,NA
"combogencoo^869^1",NA,0.5,0.35,0.15,NA,NA
"combogencoo^874^1",NA,1,NA,NA,NA,NA
"combogencoo^876^1",1,NA,NA,NA,NA,NA
"combogencoo^876^2",1,NA,NA,NA,NA,NA
"combogencoo^879^1",NA,NA,1,NA,NA,NA
"combogencoo^879^2",NA,NA,1,NA,NA,NA
"combogencoo^880^1",NA,1,NA,NA,NA,NA
"combogencoo^883^1",1,NA,NA,NA,NA,NA
"combogencoo^883^2",1,NA,NA,NA,NA,NA
"combogencoo^884^1",NA,1,NA,NA,NA,NA
"combogencoo^884^2",NA,1,NA,NA,NA,NA
"combogencoo^887^1",NA,1,NA,NA,NA,NA
"combogencoo^887^2",NA,1,NA,NA,NA,NA
"combogencoo^889^1",NA,NA,1,NA,NA,NA
"combogencoo^891^1",NA,NA,NA,1,NA,NA
"combogencoo^892^1",NA,1,NA,NA,NA,NA
"combogencoo^963^1",1,NA,NA,NA,NA,NA
"combogencoo^963^2",1,NA,NA,NA,NA,NA
"combogencoo^963^3",1,NA,NA,NA,NA,NA
"combogencoo^963^4",NA,NA,NA,1,NA,NA
"combogencoo^972^1",1,NA,NA,NA,NA,NA
"combogencoo^976^1",1,NA,NA,NA,NA,NA
"combogencoo^983^1",NA,1,NA,NA,NA,NA
"combogencoo^983^2",NA,1,NA,NA,NA,NA
"combogencoo^983^3",NA,1,NA,NA,NA,NA
"combogencoo^983^4",NA,1,NA,NA,NA,NA
"combogencoo^983^5",NA,1,NA,NA,NA,NA
"combogencoo^983^6",NA,1,NA,NA,NA,NA
"combogencoo^990^1",NA,0.85,NA,0.15,NA,NA
"combogencoo^990^2",NA,0.85,NA,0.15,NA,NA
"combogencoo^990^3",NA,NA,NA,1,NA,NA
"combogencoo^991^1",NA,NA,NA,1,NA,NA
"combogencoo^992^1",NA,NA,NA,1,NA,NA
"combogencoo^994^1",NA,1,NA,NA,NA,NA
"combogencoo^994^2",NA,1,NA,NA,NA,NA
"combogencoo^994^3",NA,NA,NA,1,NA,NA
"combogencoo^994^4",NA,NA,NA,1,NA,NA
"combogencoo^995^1",1,NA,NA,NA,NA,NA
"combogencoo^997^1",NA,NA,NA,1,NA,NA
"combogencoo^1001^1",NA,0.9,NA,0.1,NA,NA
"combogencoo^1007^1",NA,NA,NA,1,NA,NA
"combogencoo^1008^1",NA,1,NA,NA,NA,NA
"combogencoo^1008^2",NA,1,NA,NA,NA,NA
"combogencoo^1012^1",NA,1,NA,NA,NA,NA
"combogencoo^1012^2",NA,1,NA,NA,NA,NA
"combogencoo^1016^1",NA,NA,NA,1,NA,NA
"combogencoo^1040^1",NA,NA,NA,1,NA,NA
"combogencoo^1040^2",NA,NA,NA,1,NA,NA
"combogencoo^1047^1",NA,1,NA,NA,NA,NA
"combogencoo^1048^1",NA,1,NA,NA,NA,NA
"combogencoo^1060^1",NA,NA,NA,1,NA,NA
"combogencoo^1073^1",NA,1,NA,NA,NA,NA
"combogencoo^1073^2",NA,1,NA,NA,NA,NA
"combogencoo^1073^3",NA,1,NA,NA,NA,NA
"combogencoo^1081^1",NA,1,NA,NA,NA,NA
"combogencoo^1082^1",NA,1,NA,NA,NA,NA
"combogencoo^1082^2",NA,1,NA,NA,NA,NA
"combogencoo^1082^3",NA,1,NA,NA,NA,NA
"combogencoo^1082^4",NA,NA,NA,1,NA,NA
"combogencoo^1091^1",NA,1,NA,NA,NA,NA
"combogencoo^1091^2",NA,1,NA,NA,NA,NA
"combogencoo^1091^3",NA,1,NA,NA,NA,NA
"combogencoo^1104^1",NA,1,NA,NA,NA,NA
"combogencoo^1122^1",NA,NA,NA,1,NA,NA
"combogencoo^1122^2",NA,NA,NA,1,NA,NA
"combogencoo^1131^1",NA,NA,NA,0.2,0.8,NA
"combogencoo^1131^2",NA,NA,NA,0.2,0.8,NA
"combogencoo^1167^1",NA,1,NA,NA,NA,NA
"combogencoo^1167^2",NA,1,NA,NA,NA,NA
"combogencoo^1167^3",NA,1,NA,NA,NA,NA
"combogencoo^1206^1",NA,NA,NA,1,NA,NA
"combogencoo^1217^1",NA,NA,NA,1,NA,NA
"combogencoo^1230^1",NA,NA,NA,1,NA,NA
"combogencoo^1233^1",NA,NA,NA,1,NA,NA
"combogencoo^1235^1",NA,NA,NA,1,NA,NA
"combogencoo^1239^1",NA,1,NA,NA,NA,NA
"combogencoo^1240^1",NA,NA,NA,1,NA,NA
"combogencoo^1240^2",NA,NA,NA,1,NA,NA
"combogencoo^1241^1",1,NA,NA,NA,NA,NA
"combogencoo^1241^2",1,NA,NA,NA,NA,NA
"combogencoo^1242^1",NA,NA,NA,1,NA,NA
"combogencoo^1242^2",NA,NA,NA,1,NA,NA
"combogencoo^1250^1",NA,NA,NA,1,NA,NA
"combogencoo^1250^2",NA,NA,NA,1,NA,NA
"combogencoo^1250^3",NA,NA,NA,1,NA,NA
"combogencoo^1252^1",NA,NA,NA,1,NA,NA
"combogencoo^1252^2",NA,NA,NA,1,NA,NA
"combogencoo^1270^1",NA,NA,NA,1,NA,NA
"combogencoo^1271^1",NA,NA,NA,1,NA,NA
"combogencoo^1271^2",NA,NA,NA,1,NA,NA
"combogencoo^1295^1",NA,1,NA,NA,NA,NA
"combogencoo^1317^1",NA,NA,NA,1,NA,NA
"combogencoo^1330^1",NA,NA,NA,1,NA,NA
"combogencoo^1336^1",NA,NA,NA,1,NA,NA
"combogencoo^1353^1",NA,NA,NA,1,NA,NA
"combogencoo^1353^2",NA,NA,NA,1,NA,NA
"combogencoo^1355^1",NA,NA,NA,1,NA,NA
"combogencoo^1355^2",NA,NA,NA,1,NA,NA
"combogencoo^1355^3",NA,NA,NA,1,NA,NA
"combogencoo^1356^1",NA,NA,NA,1,NA,NA
"combogencoo^1356^2",NA,NA,NA,1,NA,NA
"combogencoo^1363^1",NA,1,NA,NA,NA,NA
"combogencoo^1363^2",NA,1,NA,NA,NA,NA
"combogencoo^1363^3",NA,1,NA,NA,NA,NA
"combogencoo^1363^4",NA,NA,NA,1,NA,NA
"combogencoo^1364^1",NA,1,NA,NA,NA,NA
"combogencoo^1364^2",NA,NA,NA,1,NA,NA
"combogencoo^1364^3",NA,NA,NA,1,NA,NA
"combogencoo^1364^4",NA,NA,NA,1,NA,NA
"combogencoo^1374^1",NA,1,NA,NA,NA,NA
"combogencoo^1374^2",NA,1,NA,NA,NA,NA
"combogencoo^1378^1",NA,0.9,NA,0.1,NA,NA
"combogencoo^1378^2",NA,NA,NA,1,NA,NA
"combogencoo^1379^1",NA,1,NA,NA,NA,NA
"combogencoo^1382^1",NA,NA,NA,1,NA,NA
"combogencoo^1382^2",NA,NA,NA,1,NA,NA
"combogencoo^1383^1",NA,0.75,NA,0.25,NA,NA
"combogencoo^1384^1",NA,1,NA,NA,NA,NA
"combogencoo^1384^2",NA,0.8,NA,0.2,NA,NA
"combogencoo^1393^1",NA,NA,NA,1,NA,NA
"combogencoo^1393^2",NA,NA,NA,1,NA,NA
"combogencoo^1393^3",NA,NA,NA,1,NA,NA
"combogencoo^1393^4",NA,NA,NA,1,NA,NA
"combogencoo^1396^1",1,NA,NA,NA,NA,NA
"combogencoo^1396^2",1,NA,NA,NA,NA,NA
"combogencoo^1400^1",NA,NA,NA,NA,NA,1
"combogencoo^1400^2",NA,NA,NA,0.1,NA,0.9
"combogencoo^1402^1",NA,1,NA,NA,NA,NA
"combogencoo^1402^2",NA,1,NA,NA,NA,NA
"combogencoo^1402^3",NA,1,NA,NA,NA,NA
"combogencoo^1403^1",NA,1,NA,NA,NA,NA
"combogencoo^1403^2",NA,1,NA,NA,NA,NA
"combogencoo^1403^3",NA,1,NA,NA,NA,NA
"combogencoo^1403^4",NA,1,NA,NA,NA,NA
"combogencoo^1403^5",NA,1,NA,NA,NA,NA
"combogencoo^1404^1",NA,NA,NA,1,NA,NA
"combogencoo^1416^1",NA,NA,1,NA,NA,NA
"combogencoo^1417^1",1,NA,NA,NA,NA,NA
"combogencoo^1439^1",NA,NA,NA,1,NA,NA
"combogencoo^1439^2",NA,NA,NA,1,NA,NA
"combogencoo^1439^3",NA,NA,NA,1,NA,NA
"combogencoo^1464^1",NA,NA,NA,1,NA,NA
"combogencoo^1464^2",NA,NA,NA,1,NA,NA
"combogencoo^1507^1",NA,NA,NA,NA,NA,1
"combogencoo^1507^2",NA,NA,NA,NA,NA,1
"combogencoo^1507^3",NA,NA,NA,NA,NA,1
"combogencoo^1507^4",NA,NA,NA,NA,NA,1
"combogencoo^1552^1",NA,NA,NA,NA,NA,1
"combogencoo^1552^2",NA,NA,NA,NA,NA,1
"combogencoo^1553^1",NA,NA,NA,NA,NA,1
"combogencoo^1554^1",NA,NA,NA,NA,NA,1
"combogencoo^1554^2",NA,NA,NA,NA,NA,1
"combogencoo^1554^3",NA,NA,NA,NA,NA,1
"combogencoo^1554^4",NA,NA,NA,NA,NA,1
"combogencoo^1564^1",NA,NA,NA,1,NA,NA
"combogencoo^1571^1",NA,NA,NA,NA,NA,1
"combogencoo^1571^2",NA,NA,NA,NA,NA,1
"combogencoo^1571^3",NA,NA,NA,1,NA,NA
"combogencoo^1571^4",NA,NA,NA,1,NA,NA
"combogencoo^1572^1",NA,1,NA,NA,NA,NA
"combogencoo^1572^2",NA,1,NA,NA,NA,NA
"combogencoo^1572^3",NA,1,NA,NA,NA,NA
"combogencoo^1573^1",NA,NA,NA,NA,NA,1
"combogencoo^1573^2",NA,NA,NA,NA,NA,1
"combogencoo^1588^1",NA,NA,NA,NA,NA,1
"combogencoo^1588^2",NA,NA,NA,NA,1,NA
"combogencoo^1588^3",NA,NA,NA,NA,1,NA
"combogencoo^1590^1",NA,NA,NA,NA,NA,1
"combogencoo^1595^1",NA,NA,NA,1,NA,NA
"combogencoo^1599^1",NA,NA,NA,NA,NA,1
"combogencoo^1599^2",NA,NA,NA,NA,NA,1
"combogencoo^1642^1",NA,1,NA,NA,NA,NA
"combogencoo^1660^1",NA,NA,NA,NA,1,NA
"combogencoo^1682^1",NA,NA,NA,NA,NA,1
"combogencoo^1682^2",NA,NA,NA,1,NA,NA
"combogencoo^1702^1",NA,1,NA,NA,NA,NA
"combogencoo^1702^2",NA,NA,NA,1,NA,NA
"combogencoo^1710^1",1,NA,NA,NA,NA,NA
"combogencoo^1710^2",1,NA,NA,NA,NA,NA
"combogencoo^1710^3",1,NA,NA,NA,NA,NA
"combogencoo^1715^1",NA,NA,NA,1,NA,NA
"combogencoo^1729^1",NA,NA,NA,1,NA,NA
"combogencoo^1733^1",NA,1,NA,NA,NA,NA
"combogencoo^1733^2",NA,1,NA,NA,NA,NA
"combogencoo^1733^3",NA,1,NA,NA,NA,NA
"combogencoo^1733^4",NA,1,NA,NA,NA,NA
"combogencoo^1740^1",NA,1,NA,NA,NA,NA
"combogencoo^1743^1",NA,1,NA,NA,NA,NA
"combogencoo^1745^1",NA,1,NA,NA,NA,NA
"combogencoo^1745^2",NA,1,NA,NA,NA,NA
"combogencoo^1745^3",NA,1,NA,NA,NA,NA
"combogencoo^1769^1",1,NA,NA,NA,NA,NA
"combogencoo^1769^2",1,NA,NA,NA,NA,NA
"combogencoo^1772^1",1,NA,NA,NA,NA,NA
"combogencoo^1825^1",NA,1,NA,NA,NA,NA
"combogencoo^1831^1",NA,0.85,NA,0.15,NA,NA
"combogencoo^1832^1",NA,NA,NA,1,NA,NA
"combogencoo^1843^1",1,NA,NA,NA,NA,NA
"combogencoo^1866^1",NA,1,NA,NA,NA,NA
"combogencoo^1880^1",NA,NA,NA,1,NA,NA
"combogencoo^1891^1",1,NA,NA,NA,NA,NA
"combogencoo^1893^1",1,NA,NA,NA,NA,NA
"combogencoo^1893^2",NA,NA,NA,1,NA,NA
"combogencoo^1893^3",NA,NA,NA,1,NA,NA
"combogencoo^1904^1",NA,1,NA,NA,NA,NA
"combogencoo^1912^1",NA,1,NA,NA,NA,NA
"combogencoo^1915^1",NA,0.99,NA,0.01,NA,NA
"combogencoo^1922^1",NA,0.7,NA,0.3,NA,NA
"combogencoo^1925^1",NA,0.95,NA,0.05,NA,NA
"combogencoo^1926^1",NA,1,NA,NA,NA,NA
"combogencoo^1927^1",NA,1,NA,NA,NA,NA
"combogencoo^1934^1",NA,1,NA,NA,NA,NA
"combogencoo^1943^1",NA,0.9,NA,0.1,NA,NA
"combogencoo^1943^2",NA,0.9,NA,0.1,NA,NA
"combogencoo^1979^1",NA,NA,NA,1,NA,NA
"combogencoo^1980^1",NA,NA,NA,1,NA,NA
"combogencoo^2001^1",NA,NA,NA,1,NA,NA
"combogencoo^2018^1",NA,NA,1,NA,NA,NA
"combogencoo^2022^1",NA,NA,NA,1,NA,NA
"combogencoo^2039^1",NA,1,NA,NA,NA,NA
"combogencoo^2039^2",NA,1,NA,NA,NA,NA
"combogencoo^2039^3",NA,1,NA,NA,NA,NA
"combogencoo^2049^1",NA,NA,NA,NA,NA,1
"combogencoo^2049^2",NA,NA,NA,1,NA,NA
"combogencoo^2050^1",NA,1,NA,NA,NA,NA
"combogencoo^2050^2",NA,1,NA,NA,NA,NA
"combogencoo^2053^1",NA,NA,1,NA,NA,NA
"combogencoo^2067^1",NA,NA,NA,1,NA,NA
"combogencoo^2070^1",NA,NA,NA,1,NA,NA
"combogencoo^2076^1",NA,NA,0.25,0.75,NA,NA
"combogencoo^2079^1",NA,1,NA,NA,NA,NA
"combogencoo^2079^2",NA,1,NA,NA,NA,NA
"combogencoo^2080^1",1,NA,NA,NA,NA,NA
"combogencoo^2080^2",1,NA,NA,NA,NA,NA
"combogencoo^2094^1",NA,1,NA,NA,NA,NA
"combogencoo^2094^2",NA,1,NA,NA,NA,NA
"combogencoo^2098^2",NA,1,NA,NA,NA,NA
"combogencoo^2098^1",NA,1,NA,NA,NA,NA
"combogencoo^2103^1",NA,1,NA,NA,NA,NA
"combogencoo^2103^2",NA,1,NA,NA,NA,NA
"combogencoo^2103^3",NA,1,NA,NA,NA,NA
"combogencoo^2103^4",NA,1,NA,NA,NA,NA
"combogencoo^2104^1",NA,1,NA,NA,NA,NA
"combogencoo^2104^2",NA,1,NA,NA,NA,NA
"combogencoo^2104^3",NA,1,NA,NA,NA,NA
"combogencoo^2104^4",NA,1,NA,NA,NA,NA
"combogencoo^2107^1",NA,1,NA,NA,NA,NA
"combogencoo^2107^2",NA,1,NA,NA,NA,NA
"combogencoo^2123^1",NA,NA,NA,1,NA,NA
"combogencoo^2132^1",NA,NA,NA,1,NA,NA
"combogencoo^2132^2",NA,NA,NA,1,NA,NA
"combogencoo^2161^1",NA,0.95,NA,0.05,NA,NA
"combogencoo^2167^1",NA,1,NA,NA,NA,NA
"combogencoo^2167^2",NA,1,NA,NA,NA,NA
"combogencoo^2168^1",1,NA,NA,NA,NA,NA
"combogencoo^2168^2",1,NA,NA,NA,NA,NA
"combogencoo^2226^1",NA,1,NA,NA,NA,NA
"combogencoo^2240^1",NA,NA,NA,1,NA,NA
"combogencoo^2240^2",NA,NA,NA,1,NA,NA
"combogencoo^2240^3",NA,NA,NA,1,NA,NA
"combogencoo^2244^1",NA,NA,NA,1,NA,NA
"combogencoo^2277^1",NA,NA,NA,1,NA,NA
"combogencoo^2277^2",NA,NA,NA,1,NA,NA
"combogencoo^2291^1",NA,1,NA,NA,NA,NA
"combogencoo^2291^2",NA,1,NA,NA,NA,NA
"combogencoo^2291^3",NA,1,NA,NA,NA,NA
"combogencoo^2291^4",NA,1,NA,NA,NA,NA
"combogencoo^2291^5",NA,1,NA,NA,NA,NA
"combogencoo^2322^1",NA,NA,NA,1,NA,NA
"combogencoo^2322^2",NA,NA,NA,1,NA,NA
"combogencoo^2330^1",NA,NA,1,NA,NA,NA
"combogencoo^2336^1",NA,NA,0.9,0.1,NA,NA
"combogencoo^2336^2",NA,NA,NA,NA,1,NA
"combogencoo^2364^1",NA,1,NA,NA,NA,NA
"combogencoo^2364^2",NA,1,NA,NA,NA,NA
"combogencoo^2367^1",NA,NA,NA,NA,NA,1
"combogencoo^2367^2",NA,NA,NA,NA,NA,1
"combogencoo^2367^3",NA,NA,NA,NA,NA,1
"combogencoo^2378^1",NA,NA,NA,NA,NA,1
"combogencoo^2378^2",NA,NA,NA,1,NA,NA
"combogencoo^2388^1",NA,NA,NA,NA,NA,1
"combogencoo^2393^1",NA,NA,NA,1,NA,NA
"combogencoo^2398^1",NA,NA,NA,1,NA,NA
"combogencoo^2398^2",NA,NA,NA,1,NA,NA
"combogencoo^2406^1",NA,NA,NA,1,NA,NA
"combogencoo^2406^2",NA,NA,NA,1,NA,NA
"combogencoo^2410^1",NA,NA,NA,NA,NA,1
"combogencoo^2410^2",NA,NA,NA,NA,NA,1
"combogencoo^2411^1",NA,NA,NA,NA,NA,1
"combogencoo^2442^1",NA,NA,1,NA,NA,NA
"combogencoo^2442^2",NA,NA,1,NA,NA,NA
"combogencoo^2444^1",NA,NA,NA,1,NA,NA
"combogencoo^2444^2",NA,NA,NA,1,NA,NA
"combogencoo^2444^3",NA,NA,NA,1,NA,NA
"combogencoo^2446^1",NA,NA,NA,1,NA,NA
"combogencoo^2450^1",NA,NA,NA,1,NA,NA
"combogencoo^2450^2",NA,NA,NA,1,NA,NA
"combogencoo^2450^3",NA,NA,NA,1,NA,NA
"combogencoo^2451^1",NA,NA,NA,1,NA,NA
"combogencoo^2451^2",NA,NA,NA,1,NA,NA
"combogencoo^2451^3",NA,NA,NA,1,NA,NA
"combogencoo^2451^4",NA,NA,NA,1,NA,NA
"combogencoo^2454^1",NA,NA,NA,1,NA,NA
"combogencoo^2454^2",NA,NA,NA,1,NA,NA
"combogencoo^2480^1",NA,1,NA,NA,NA,NA
"combogencoo^2480^2",NA,1,NA,NA,NA,NA
"combogencoo^2480^3",NA,1,NA,NA,NA,NA
"combogencoo^2480^4",NA,1,NA,NA,NA,NA
"combogencoo^2490^1",NA,NA,NA,NA,NA,1
"combogencoo^2490^2",NA,NA,NA,NA,NA,1
"combogencoo^2493^1",NA,NA,NA,NA,NA,1
"combogencoo^2493^2",NA,NA,NA,NA,NA,1
"combogencoo^2497^1",NA,NA,NA,NA,NA,1
"combogencoo^2500^1",NA,NA,NA,NA,NA,1
"combogencoo^2500^2",NA,NA,NA,NA,NA,1
"combogencoo^2500^3",NA,NA,NA,NA,NA,1
"combogencoo^2500^4",NA,NA,NA,NA,1,NA
"combogencoo^2511^1",NA,NA,NA,NA,NA,1
"combogencoo^2511^2",NA,NA,NA,NA,NA,1
"combogencoo^2516^1",NA,NA,NA,NA,NA,1
"combogencoo^2516^2",NA,NA,NA,NA,NA,1
"combogencoo^2516^3",NA,NA,NA,NA,NA,1
"combogencoo^2516^4",NA,NA,NA,NA,NA,1
"combogencoo^2517^1",NA,NA,NA,NA,NA,1
"combogencoo^2517^2",NA,NA,NA,NA,NA,1
"combogencoo^2527^1",1,NA,NA,NA,NA,NA
"combogencoo^2535^1",1,NA,NA,NA,NA,NA
"combogencoo^2535^2",1,NA,NA,NA,NA,NA
"combogencoo^2539^1",NA,NA,NA,1,NA,NA
"combogencoo^2589^1",1,NA,NA,NA,NA,NA
"combogencoo^2589^2",NA,NA,NA,1,NA,NA
"combogencoo^2594^1",1,NA,NA,NA,NA,NA
"combogencoo^2594^2",1,NA,NA,NA,NA,NA
"combogencoo^2625^1",NA,NA,NA,NA,NA,1
"combogencoo^2625^2",NA,NA,NA,NA,NA,1
"combogencoo^2682^1",NA,0.05,NA,0.95,NA,NA
"combogencoo^2706^1",1,NA,NA,NA,NA,NA
"combogencoo^2706^2",1,NA,NA,NA,NA,NA
"combogencoo^2712^1",1,NA,NA,NA,NA,NA
"combogencoo^2712^2",1,NA,NA,NA,NA,NA
"combogencoo^2712^3",1,NA,NA,NA,NA,NA
"combogencoo^2712^4",NA,NA,NA,1,NA,NA
"combogencoo^2718^1",1,NA,NA,NA,NA,NA
"combogencoo^2718^2",1,NA,NA,NA,NA,NA
"combogencoo^2718^3",1,NA,NA,NA,NA,NA
"combogencoo^2718^4",1,NA,NA,NA,NA,NA
"combogencoo^2718^5",1,NA,NA,NA,NA,NA
"combogencoo^2720^1",NA,NA,NA,1,NA,NA
"combogencoo^2721^1",NA,NA,NA,1,NA,NA
"combogencoo^2721^2",NA,NA,NA,1,NA,NA
"combogencoo^2723^1",NA,NA,NA,1,NA,NA
"combogencoo^2727^1",1,NA,NA,NA,NA,NA
"combogencoo^2727^2",1,NA,NA,NA,NA,NA
"combogencoo^2727^3",1,NA,NA,NA,NA,NA
"combogencoo^2727^4",1,NA,NA,NA,NA,NA
"combogencoo^2790^1",NA,1,NA,NA,NA,NA
"combogencoo^2817^1",NA,1,NA,NA,NA,NA
"combogencoo^2817^2",NA,1,NA,NA,NA,NA
"combogencoo^2823^1",1,NA,NA,NA,NA,NA
"combogencoo^2823^2",1,NA,NA,NA,NA,NA
"combogencoo^2828^1",NA,1,NA,NA,NA,NA
"combogencoo^2828^2",NA,1,NA,NA,NA,NA
"combogencoo^2828^3",NA,NA,NA,1,NA,NA
"combogencoo^2832^1",NA,1,NA,NA,NA,NA
"combogencoo^2832^2",NA,NA,NA,1,NA,NA
"combogencoo^2836^1",1,NA,NA,NA,NA,NA
"combogencoo^2840^1",NA,NA,NA,1,NA,NA
"combogencoo^2840^2",NA,NA,NA,1,NA,NA
"combogencoo^2840^3",NA,NA,NA,1,NA,NA
"combogencoo^2850^1",NA,1,NA,NA,NA,NA
"combogencoo^2850^2",NA,1,NA,NA,NA,NA
"combogencoo^2850^3",NA,1,NA,NA,NA,NA
"combogencoo^2850^4",NA,NA,NA,1,NA,NA
"combogencoo^2866^1",NA,1,NA,NA,NA,NA
"combogencoo^2866^2",NA,1,NA,NA,NA,NA
"combogencoo^2866^3",NA,1,NA,NA,NA,NA
"combogencoo^2866^4",NA,1,NA,NA,NA,NA
"combogencoo^2866^5",NA,1,NA,NA,NA,NA
"combogencoo^2866^6",NA,1,NA,NA,NA,NA
"combogencoo^2866^7",NA,1,NA,NA,NA,NA
"combogencoo^2876^1",NA,1,NA,NA,NA,NA
"combogencoo^2876^2",NA,1,NA,NA,NA,NA
"combogencoo^2876^3",NA,1,NA,NA,NA,NA
"combogencoo^2876^4",NA,1,NA,NA,NA,NA
"combogencoo^2876^5",NA,1,NA,NA,NA,NA
"combogencoo^2878^1",1,NA,NA,NA,NA,NA
"combogencoo^2914^1",NA,1,NA,NA,NA,NA
"combogencoo^2935^1",NA,NA,NA,1,NA,NA
"combogencoo^2936^1",NA,NA,NA,1,NA,NA
"combogencoo^2951^1",NA,NA,1,NA,NA,NA
"combogencoo^2951^2",NA,NA,NA,1,NA,NA
"combogencoo^2952^1",NA,NA,NA,1,NA,NA
"combogencoo^2952^2",NA,NA,NA,1,NA,NA
"combogencoo^2952^3",NA,NA,NA,1,NA,NA
"combogencoo^2956^1",1,NA,NA,NA,NA,NA
"combogencoo^2963^1",NA,NA,NA,1,NA,NA
"combogencoo^2963^2",NA,NA,NA,1,NA,NA
"combogencoo^2963^3",NA,NA,NA,1,NA,NA
"combogencoo^2963^4",NA,NA,NA,1,NA,NA
"combogencoo^2964^1",NA,NA,NA,1,NA,NA
"combogencoo^2964^2",NA,NA,NA,1,NA,NA
"combogencoo^2964^3",NA,NA,NA,1,NA,NA
"combogencoo^2965^1",NA,NA,NA,1,NA,NA
"combogencoo^2965^2",NA,NA,NA,1,NA,NA
"combogencoo^3006^1",NA,NA,NA,1,NA,NA
"combogencoo^3006^2",NA,NA,NA,1,NA,NA
"combogencoo^3006^3",NA,NA,NA,1,NA,NA
"combogencoo^3006^4",NA,NA,NA,1,NA,NA
"combogencoo^3008^1",NA,NA,NA,1,NA,NA
"combogencoo^3008^2",NA,NA,NA,1,NA,NA
"combogencoo^3008^3",NA,NA,NA,1,NA,NA
"combogencoo^3096^1",NA,NA,NA,1,NA,NA
"combogencoo^3118^1",NA,NA,NA,1,NA,NA
"combogencoo^3118^2",NA,NA,NA,1,NA,NA
"combogencoo^3122^1",NA,NA,NA,1,NA,NA
"combogencoo^3122^2",NA,NA,NA,1,NA,NA
"combogencoo^3122^3",NA,NA,NA,1,NA,NA
"combogencoo^3130^1",NA,NA,NA,1,NA,NA
"combogencoo^3131^1",NA,1,NA,NA,NA,NA
"combogencoo^3136^1",NA,NA,NA,1,NA,NA
"combogencoo^3136^2",NA,NA,NA,1,NA,NA
"combogencoo^3138^1",NA,1,NA,NA,NA,NA
"combogencoo^3138^2",NA,1,NA,NA,NA,NA
"combogencoo^3138^3",NA,1,NA,NA,NA,NA
"combogencoo^3140^1",NA,1,NA,NA,NA,NA
"combogencoo^3140^2",NA,1,NA,NA,NA,NA
"combogencoo^3140^3",NA,1,NA,NA,NA,NA
"combogencoo^3148^1",NA,NA,NA,1,NA,NA
"combogencoo^3148^2",NA,NA,NA,1,NA,NA
"combogencoo^3149^1",NA,NA,NA,1,NA,NA
"combogencoo^3149^2",NA,NA,NA,1,NA,NA
"combogencoo^3161^1",NA,1,NA,NA,NA,NA
"combogencoo^3161^2",NA,1,NA,NA,NA,NA
"combogencoo^3166^1",0.9,NA,NA,0.1,NA,NA
"combogencoo^3176^1",NA,1,NA,NA,NA,NA
"combogencoo^3236^1",NA,NA,NA,NA,NA,1
"combogencoo^3236^2",NA,NA,NA,NA,NA,1
"combogencoo^3236^3",NA,NA,NA,NA,NA,1
"combogencoo^3251^1",1,NA,NA,NA,NA,NA
"combogencoo^3264^1",NA,0.8,NA,0.2,NA,NA
"combogencoo^3264^2",NA,NA,NA,1,NA,NA
"combogencoo^3265^1",NA,1,NA,NA,NA,NA
"combogencoo^3265^2",NA,1,NA,NA,NA,NA
"combogencoo^3265^3",NA,1,NA,NA,NA,NA
"combogencoo^3287^1",1,NA,NA,NA,NA,NA
"combogencoo^3295^1",NA,1,NA,NA,NA,NA
"combogencoo^3297^1",NA,NA,NA,1,NA,NA
"combogencoo^3297^2",NA,NA,NA,1,NA,NA
"combogencoo^3298^1",NA,0.99,NA,0.01,NA,NA
"combogencoo^3393^1",NA,1,NA,NA,NA,NA
"combogencoo^3393^2",NA,NA,NA,1,NA,NA
"combogencoo^3396^1",NA,1,NA,NA,NA,NA
"combogencoo^3399^1",NA,1,NA,NA,NA,NA
"combogencoo^3403^1",NA,1,NA,NA,NA,NA
"combogencoo^3405^1",NA,NA,NA,1,NA,NA
"combogencoo^3407^1",NA,1,NA,NA,NA,NA
"combogencoo^3441^1",NA,NA,NA,NA,NA,1
"combogencoo^3443^1",NA,0.5,NA,0.5,NA,NA
"combogencoo^3452^1",1,NA,NA,NA,NA,NA
"combogencoo^3453^1",1,NA,NA,NA,NA,NA
"combogencoo^3456^1",NA,NA,NA,1,NA,NA
"combogencoo^3456^2",NA,NA,NA,1,NA,NA
"combogencoo^3456^3",NA,NA,NA,1,NA,NA
"combogencoo^3456^4",NA,NA,NA,1,NA,NA
"combogencoo^3456^5",NA,NA,NA,1,NA,NA
"combogencoo^3457^1",NA,NA,1,NA,NA,NA
"combogencoo^3459^1",NA,NA,NA,NA,NA,1
"combogencoo^3459^2",NA,NA,NA,NA,NA,1
"combogencoo^3459^3",NA,NA,NA,NA,NA,1
"combogencoo^3459^4",NA,NA,NA,NA,NA,1
"combogencoo^3459^5",NA,NA,NA,1,NA,NA
"combogencoo^3460^1",NA,NA,NA,NA,NA,1
"combogencoo^3460^2",NA,NA,NA,NA,NA,1
"combogencoo^3469^1",NA,NA,NA,1,NA,NA
"combogencoo^3470^1",1,NA,NA,NA,NA,NA
"combogencoo^3470^2",1,NA,NA,NA,NA,NA
"combogencoo^3470^3",1,NA,NA,NA,NA,NA
"combogencoo^3470^4",1,NA,NA,NA,NA,NA
"combogencoo^3470^5",1,NA,NA,NA,NA,NA
"combogencoo^3470^6",1,NA,NA,NA,NA,NA
"combogencoo^3470^7",NA,NA,NA,1,NA,NA
"combogencoo^3470^8",NA,NA,NA,1,NA,NA
"combogencoo^3476^1",1,NA,NA,NA,NA,NA
"combogencoo^3477^1",1,NA,NA,NA,NA,NA
"combogencoo^3478^1",0.99,NA,NA,0.01,NA,NA
"combogencoo^3482^1",NA,NA,NA,1,NA,NA
"combogencoo^3482^2",NA,NA,NA,1,NA,NA
"combogencoo^3484^1",NA,NA,NA,1,NA,NA
"combogencoo^3484^2",NA,NA,NA,1,NA,NA
"combogencoo^3484^3",NA,NA,NA,1,NA,NA
"combogencoo^3485^1",NA,NA,NA,1,NA,NA
"combogencoo^3485^2",NA,NA,NA,1,NA,NA
"combogencoo^3490^1",1,NA,NA,NA,NA,NA
"combogencoo^3491^1",1,NA,NA,NA,NA,NA
"combogencoo^3497^1",1,NA,NA,NA,NA,NA
"combogencoo^3504^1",1,NA,NA,NA,NA,NA
"combogencoo^3507^1",NA,NA,1,NA,NA,NA
"combogencoo^3548^1",1,NA,NA,NA,NA,NA
"combogencoo^3548^2",1,NA,NA,NA,NA,NA
"combogencoo^3559^1",NA,0.05,NA,0.95,NA,NA
"combogencoo^3576^1",1,NA,NA,NA,NA,NA
"combogencoo^3576^2",1,NA,NA,NA,NA,NA
"combogencoo^3576^3",1,NA,NA,NA,NA,NA
"combogencoo^3601^1",1,NA,NA,NA,NA,NA
"combogencoo^3601^2",1,NA,NA,NA,NA,NA
"combogencoo^3601^3",1,NA,NA,NA,NA,NA
"combogencoo^3604^1",NA,NA,NA,1,NA,NA
"combogencoo^3611^1",1,NA,NA,NA,NA,NA
"combogencoo^3611^2",1,NA,NA,NA,NA,NA
"combogencoo^3612^1",NA,NA,1,NA,NA,NA
"combogencoo^3612^2",NA,NA,1,NA,NA,NA
"combogencoo^3612^3",NA,NA,1,NA,NA,NA
"combogencoo^3628^1",1,NA,NA,NA,NA,NA
"combogencoo^3628^2",1,NA,NA,NA,NA,NA
"combogencoo^3628^3",1,NA,NA,NA,NA,NA
"combogencoo^3631^1",NA,NA,NA,1,NA,NA
"combogencoo^3648^1",NA,NA,NA,1,NA,NA
"combogencoo^3648^2",NA,NA,NA,1,NA,NA
"combogencoo^3648^3",NA,NA,NA,1,NA,NA
"combogencoo^3775^1",NA,NA,NA,1,NA,NA
"combogencoo^3775^2",NA,NA,NA,1,NA,NA
"combogencoo^3775^3",NA,NA,NA,1,NA,NA
"combogencoo^3796^1",NA,1,NA,NA,NA,NA
"combogencoo^3796^2",NA,1,NA,NA,NA,NA
"combogencoo^3797^1",NA,1,NA,NA,NA,NA
"combogencoo^3797^2",NA,1,NA,NA,NA,NA
"combogencoo^3797^3",NA,1,NA,NA,NA,NA
"combogencoo^3797^4",NA,1,NA,NA,NA,NA
"combogencoo^3797^5",NA,1,NA,NA,NA,NA
"combogencoo^3797^6",NA,1,NA,NA,NA,NA
"combogencoo^3804^1",NA,NA,NA,NA,NA,1
"combogencoo^3804^2",NA,NA,NA,NA,NA,1
"combogencoo^3804^3",NA,NA,NA,1,NA,NA
"combogencoo^3804^4",NA,NA,NA,1,NA,NA
"combogencoo^3806^1",NA,NA,NA,NA,NA,1
"combogencoo^3806^2",NA,NA,NA,NA,NA,1
"combogencoo^3809^1",NA,NA,NA,NA,NA,1
"combogencoo^3809^2",NA,NA,NA,NA,NA,1
"combogencoo^3809^3",NA,NA,NA,NA,NA,1
"combogencoo^3845^1",NA,NA,NA,1,NA,NA
"combogencoo^3845^2",NA,NA,NA,1,NA,NA
"combogencoo^3935^1",NA,NA,NA,1,NA,NA
"combogencoo^3935^2",NA,NA,NA,1,NA,NA
"combogencoo^3935^3",NA,NA,NA,1,NA,NA
"combogencoo^3943^1",NA,NA,NA,1,NA,NA
"combogencoo^3943^2",NA,NA,NA,1,NA,NA
"combogencoo^3944^1",NA,NA,NA,1,NA,NA
"combogencoo^3948^1",NA,NA,NA,1,NA,NA
"combogencoo^3948^2",NA,NA,NA,1,NA,NA
"combogencoo^3954^1",1,NA,NA,NA,NA,NA
"combogencoo^3954^2",1,NA,NA,NA,NA,NA
"combogencoo^3954^3",1,NA,NA,NA,NA,NA
"combogencoo^3982^1",1,NA,NA,NA,NA,NA
"combogencoo^3992^1",1,NA,NA,NA,NA,NA
"combogencoo^4005^1",NA,1,NA,NA,NA,NA
"combogencoo^4040^1",1,NA,NA,NA,NA,NA
"combogencoo^4040^2",1,NA,NA,NA,NA,NA
"combogencoo^4041^1",1,NA,NA,NA,NA,NA
"combogencoo^4041^2",1,NA,NA,NA,NA,NA
"combogencoo^4041^3",1,NA,NA,NA,NA,NA
"combogencoo^4041^4",1,NA,NA,NA,NA,NA
"combogencoo^4042^1",NA,1,NA,NA,NA,NA
"combogencoo^4042^2",NA,1,NA,NA,NA,NA
"combogencoo^4046^1",1,NA,NA,NA,NA,NA
"combogencoo^4046^2",1,NA,NA,NA,NA,NA
"combogencoo^4050^1",1,NA,NA,NA,NA,NA
"combogencoo^4050^2",1,NA,NA,NA,NA,NA
"combogencoo^4050^3",1,NA,NA,NA,NA,NA
"combogencoo^4072^1",1,NA,NA,NA,NA,NA
"combogencoo^4078^1",NA,1,NA,NA,NA,NA
"combogencoo^4078^2",NA,NA,NA,1,NA,NA
"combogencoo^4078^3",NA,NA,NA,1,NA,NA
"combogencoo^4125^1",1,NA,NA,NA,NA,NA
"combogencoo^4143^1",NA,1,NA,NA,NA,NA
"combogencoo^4158^1",NA,0.9,NA,0.1,NA,NA
"combogencoo^4158^2",NA,0.9,NA,0.1,NA,NA
"combogencoo^4158^3",NA,0.9,NA,0.1,NA,NA
"combogencoo^4158^4",NA,NA,NA,1,NA,NA
"combogencoo^4162^1",NA,NA,NA,1,NA,NA
"combogencoo^4162^2",NA,NA,NA,1,NA,NA
"combogencoo^4162^3",NA,NA,NA,1,NA,NA
"combogencoo^4195^1",NA,NA,1,NA,NA,NA
"combogencoo^4195^2",NA,NA,1,NA,NA,NA
"combogencoo^4195^3",NA,NA,1,NA,NA,NA
"combogencoo^4266^1",NA,NA,NA,1,NA,NA
"combogencoo^4266^2",NA,NA,NA,1,NA,NA
"combogencoo^4270^1",NA,1,NA,NA,NA,NA
"combogencoo^4271^1",NA,1,NA,NA,NA,NA
"combogencoo^4937^1",1,NA,NA,NA,NA,NA
"combogencoo^4939^1",NA,NA,NA,NA,NA,1
"combogencoo^4939^2",NA,NA,NA,NA,NA,1
"combogencoo^4940^1",NA,NA,NA,1,NA,NA
"combogencoo^4940^2",NA,NA,NA,1,NA,NA
"combogencoo^4941^1",NA,NA,NA,1,NA,NA
"combogencoo^4941^2",NA,NA,NA,1,NA,NA
"combogencoo^4941^3",NA,NA,NA,1,NA,NA
"combogencoo^6000^1",1,NA,NA,NA,NA,NA
"combogencoo^6000^2",1,NA,NA,NA,NA,NA
"combogencoo^6001^1",NA,NA,NA,1,NA,NA
"combogencoo^6002^1",NA,NA,NA,1,NA,NA
"combogencoo^6002^2",NA,NA,NA,1,NA,NA
"combogencoo^6004^1",NA,NA,NA,1,NA,NA
"combogencoo^6004^2",NA,NA,NA,1,NA,NA
"combogencoo^6008^1",NA,NA,NA,1,NA,NA
"combogencoo^6008^2",NA,NA,NA,1,NA,NA
"combogencoo^6008^3",NA,NA,NA,1,NA,NA
"combogencoo^6009^1",NA,NA,NA,1,NA,NA
"combogencoo^6009^2",NA,NA,NA,1,NA,NA
"combogencoo^6011^1",NA,NA,NA,NA,NA,1
"combogencoo^6014^1",NA,NA,NA,NA,NA,1
"combogencoo^6014^2",NA,NA,NA,NA,NA,1
"combogencoo^6015^1",NA,NA,NA,1,NA,NA
"combogencoo^6016^1",1,NA,NA,NA,NA,NA
"combogencoo^6017^1",0.7,NA,0.3,NA,NA,NA
"combogencoo^6017^2",0.7,NA,0.3,NA,NA,NA
"combogencoo^6018^1",NA,NA,NA,1,NA,NA
"combogencoo^6019^1",NA,NA,NA,1,NA,NA
"combogencoo^6020^1",NA,NA,NA,1,NA,NA
"combogencoo^6021^1",NA,NA,NA,1,NA,NA
"combogencoo^6021^2",NA,NA,NA,1,NA,NA
"combogencoo^6021^3",NA,NA,NA,1,NA,NA
"combogencoo^6022^1",NA,NA,1,NA,NA,NA
"combogencoo^6023^1",NA,NA,NA,1,NA,NA
"combogencoo^6026^1",NA,NA,1,NA,NA,NA
"combogencoo^6030^1",NA,NA,NA,1,NA,NA
"combogencoo^6031^1",NA,NA,NA,1,NA,NA
"combogencoo^6034^1",NA,1,NA,NA,NA,NA
"combogencoo^6034^2",NA,1,NA,NA,NA,NA
"combogencoo^6035^1",NA,NA,1,NA,NA,NA
"combogencoo^6036^1",NA,NA,NA,1,NA,NA
"combogencoo^6038^1",1,NA,NA,NA,NA,NA
"combogencoo^6040^1",NA,NA,NA,1,NA,NA
"combogencoo^6041^1",NA,NA,NA,1,NA,NA
"combogencoo^6041^2",NA,NA,NA,1,NA,NA
"combogencoo^6041^3",NA,NA,NA,1,NA,NA
"combogencoo^6041^4",NA,NA,NA,1,NA,NA
"combogencoo^6042^1",NA,NA,1,NA,NA,NA
"combogencoo^6043^1",NA,NA,NA,1,NA,NA
"combogencoo^6043^2",NA,NA,1,NA,NA,NA
"combogencoo^6045^1",NA,NA,NA,NA,NA,1
"combogencoo^6051^1",NA,NA,NA,1,NA,NA
"combogencoo^6052^1",NA,NA,NA,1,NA,NA
"combogencoo^6052^2",NA,NA,NA,1,NA,NA
"combogencoo^6055^1",NA,NA,NA,1,NA,NA
"combogencoo^6055^2",NA,NA,NA,1,NA,NA
"combogencoo^6055^3",NA,1,NA,NA,NA,NA
"combogencoo^6056^1",NA,NA,NA,NA,NA,1
"combogencoo^6056^2",NA,NA,NA,NA,NA,1
"combogencoo^6056^3",NA,NA,NA,NA,NA,1
"combogencoo^6056^4",NA,NA,NA,NA,NA,1
"combogencoo^6061^1",NA,NA,NA,1,NA,NA
"combogencoo^6064^1",NA,1,NA,NA,NA,NA
"combogencoo^6065^1",NA,1,NA,NA,NA,NA
"combogencoo^6065^2",NA,NA,NA,1,NA,NA
"combogencoo^6068^1",NA,NA,NA,1,NA,NA
"combogencoo^6068^2",NA,NA,NA,1,NA,NA
"combogencoo^6068^3",NA,NA,NA,1,NA,NA
"combogencoo^6071^1",NA,NA,NA,1,NA,NA
"combogencoo^6071^2",NA,NA,NA,1,NA,NA
"combogencoo^6072^1",NA,NA,NA,1,NA,NA
"combogencoo^6073^1",NA,NA,1,NA,NA,NA
"combogencoo^6073^2",NA,NA,NA,1,NA,NA
"combogencoo^6076^1",NA,NA,NA,1,NA,NA
"combogencoo^6076^2",NA,NA,NA,1,NA,NA
"combogencoo^6076^3",NA,NA,NA,1,NA,NA
"combogencoo^6076^4",NA,NA,NA,1,NA,NA
"combogencoo^6077^1",NA,NA,1,NA,NA,NA
"combogencoo^6077^2",NA,NA,1,NA,NA,NA
"combogencoo^6081^1",NA,NA,NA,1,NA,NA
"combogencoo^6082^1",1,NA,NA,NA,NA,NA
"combogencoo^6085^1",NA,NA,NA,1,NA,NA
"combogencoo^6085^2",NA,NA,NA,1,NA,NA
"combogencoo^6085^3",NA,NA,NA,1,NA,NA
"combogencoo^6085^4",NA,NA,NA,1,NA,NA
"combogencoo^6089^1",NA,1,NA,NA,NA,NA
"combogencoo^6090^1",NA,NA,NA,1,NA,NA
"combogencoo^6090^2",NA,NA,NA,1,NA,NA
"combogencoo^6090^3",NA,NA,NA,1,NA,NA
"combogencoo^6094^1",NA,NA,NA,1,NA,NA
"combogencoo^6094^2",NA,NA,NA,1,NA,NA
"combogencoo^6094^3",NA,NA,NA,1,NA,NA
"combogencoo^6095^1",NA,NA,1,NA,NA,NA
"combogencoo^6096^1",NA,1,NA,NA,NA,NA
"combogencoo^6096^2",NA,NA,NA,1,NA,NA
"combogencoo^6098^1",NA,NA,1,NA,NA,NA
"combogencoo^6099^1",NA,NA,NA,NA,NA,1
"combogencoo^6103^1",NA,NA,NA,1,NA,NA
"combogencoo^6103^2",NA,NA,NA,1,NA,NA
"combogencoo^6105^1",NA,NA,NA,1,NA,NA
"combogencoo^6106^1",NA,NA,1,NA,NA,NA
"combogencoo^6110^1",1,NA,NA,NA,NA,NA
"combogencoo^6112^1",NA,NA,NA,1,NA,NA
"combogencoo^6113^1",1,NA,NA,NA,NA,NA
"combogencoo^6113^2",1,NA,NA,NA,NA,NA
"combogencoo^6113^3",1,NA,NA,NA,NA,NA
"combogencoo^6113^4",1,NA,NA,NA,NA,NA
"combogencoo^6113^5",1,NA,NA,NA,NA,NA
"combogencoo^6115^1",NA,NA,NA,NA,NA,1
"combogencoo^6118^1",NA,NA,NA,1,NA,NA
"combogencoo^6122^1",1,NA,NA,NA,NA,NA
"combogencoo^6124^1",NA,1,NA,NA,NA,NA
"combogencoo^6127^1",1,NA,NA,NA,NA,NA
"combogencoo^6136^1",1,NA,NA,NA,NA,NA
"combogencoo^6137^1",NA,NA,NA,1,NA,NA
"combogencoo^6137^2",NA,NA,NA,1,NA,NA
"combogencoo^6138^1",1,NA,NA,NA,NA,NA
"combogencoo^6139^1",0.99,NA,NA,0.01,NA,NA
"combogencoo^6145^1",1,NA,NA,NA,NA,NA
"combogencoo^6146^1",1,NA,NA,NA,NA,NA
"combogencoo^6147^1",1,NA,NA,NA,NA,NA
"combogencoo^6149^1",NA,NA,NA,1,NA,NA
"combogencoo^6152^1",0.5,NA,NA,0.5,NA,NA
"combogencoo^6153^1",NA,NA,NA,1,NA,NA
"combogencoo^6155^1",NA,1,NA,NA,NA,NA
"combogencoo^6155^2",NA,1,NA,NA,NA,NA
"combogencoo^6156^1",NA,NA,NA,NA,NA,1
"combogencoo^6165^1",NA,NA,NA,1,NA,NA
"combogencoo^6165^2",NA,NA,NA,1,NA,NA
"combogencoo^6165^3",NA,NA,NA,1,NA,NA
"combogencoo^6166^1",NA,NA,NA,1,NA,NA
"combogencoo^6166^2",NA,NA,NA,1,NA,NA
"combogencoo^6168^1",1,NA,NA,NA,NA,NA
"combogencoo^6168^2",1,NA,NA,NA,NA,NA
"combogencoo^6170^1",NA,NA,NA,1,NA,NA
"combogencoo^6177^1",NA,NA,NA,1,NA,NA
"combogencoo^6177^2",NA,NA,NA,1,NA,NA
"combogencoo^6178^1",1,NA,NA,NA,NA,NA
"combogencoo^6179^1",NA,NA,1,NA,NA,NA
"combogencoo^6179^2",NA,NA,1,NA,NA,NA
"combogencoo^6179^3",NA,NA,1,NA,NA,NA
"combogencoo^6180^1",1,NA,NA,NA,NA,NA
"combogencoo^6181^1",1,NA,NA,NA,NA,NA
"combogencoo^6181^2",1,NA,NA,NA,NA,NA
"combogencoo^6183^1",NA,NA,NA,1,NA,NA
"combogencoo^6190^1",1,NA,NA,NA,NA,NA
"combogencoo^6190^2",1,NA,NA,NA,NA,NA
"combogencoo^6190^3",1,NA,NA,NA,NA,NA
"combogencoo^6193^1",NA,NA,NA,1,NA,NA
"combogencoo^6193^2",NA,NA,NA,1,NA,NA
"combogencoo^6193^3",NA,NA,NA,1,NA,NA
"combogencoo^6194^1",NA,NA,NA,1,NA,NA
"combogencoo^6194^2",NA,NA,NA,1,NA,NA
"combogencoo^6195^1",NA,NA,NA,1,NA,NA
"combogencoo^6195^2",NA,NA,NA,1,NA,NA
"combogencoo^6204^1",NA,NA,NA,1,NA,NA
"combogencoo^6204^2",NA,NA,NA,1,NA,NA
"combogencoo^6204^3",NA,NA,NA,1,NA,NA
"combogencoo^6213^1",1,NA,NA,NA,NA,NA
"combogencoo^6213^2",1,NA,NA,NA,NA,NA
"combogencoo^6243^1",NA,NA,1,NA,NA,NA
"combogencoo^6248^1",NA,NA,NA,1,NA,NA
"combogencoo^6249^1",NA,NA,0.9,0.1,NA,NA
"combogencoo^6249^2",NA,NA,0.9,0.1,NA,NA
"combogencoo^6249^3",NA,NA,NA,1,NA,NA
"combogencoo^6249^4",NA,NA,NA,1,NA,NA
"combogencoo^6250^1",NA,NA,NA,1,NA,NA
"combogencoo^6251^1",NA,NA,1,NA,NA,NA
"combogencoo^6254^1",NA,NA,NA,1,NA,NA
"combogencoo^6257^1",NA,NA,NA,1,NA,NA
"combogencoo^6257^2",NA,NA,NA,1,NA,NA
"combogencoo^6257^3",NA,NA,NA,1,NA,NA
"combogencoo^6257^4",NA,NA,NA,1,NA,NA
"combogencoo^6264^1",NA,NA,NA,1,NA,NA
"combogencoo^6285^1",NA,NA,NA,1,NA,NA
"combogencoo^6288^1",NA,1,NA,NA,NA,NA
"combogencoo^6288^2",NA,1,NA,NA,NA,NA
"combogencoo^6358^1",NA,NA,NA,1,NA,NA
"combogencoo^6462^1",NA,NA,NA,1,NA,NA
"combogencoo^6469^1",NA,NA,NA,1,NA,NA
"combogencoo^6469^2",NA,NA,NA,1,NA,NA
"combogencoo^6474^1",NA,NA,NA,NA,NA,1
"combogencoo^6481^1",NA,NA,NA,1,NA,NA
"combogencoo^6481^2",NA,NA,NA,1,NA,NA
"combogencoo^6504^1",NA,NA,NA,1,NA,NA
"combogencoo^6504^2",NA,NA,NA,1,NA,NA
"combogencoo^6559^1",NA,NA,NA,1,NA,NA
"combogencoo^6639^1",NA,NA,NA,1,NA,NA
"combogencoo^6639^2",NA,NA,NA,1,NA,NA
"combogencoo^6641^1",NA,NA,NA,1,NA,NA
"combogencoo^6641^2",NA,NA,NA,1,NA,NA
"combogencoo^6648^1",NA,NA,1,NA,NA,NA
"combogencoo^6664^1",NA,NA,NA,1,NA,NA
"combogencoo^6705^1",NA,1,NA,NA,NA,NA
"combogencoo^6705^2",NA,1,NA,NA,NA,NA
"combogencoo^6761^1",NA,NA,1,NA,NA,NA
"combogencoo^6768^1",NA,NA,NA,1,NA,NA
"combogencoo^6772^1",NA,NA,NA,1,NA,NA
"combogencoo^6823^1",NA,NA,NA,1,NA,NA
"combogencoo^7013^1",NA,NA,NA,1,NA,NA
"combogencoo^7030^1",NA,NA,NA,1,NA,NA
"combogencoo^7030^2",NA,NA,NA,1,NA,NA
"combogencoo^7097^1",1,NA,NA,NA,NA,NA
"combogencoo^7097^2",1,NA,NA,NA,NA,NA
"combogencoo^7130^1",NA,1,NA,NA,NA,NA
"combogencoo^7153^1",NA,NA,NA,1,NA,NA
"combogencoo^7210^1",NA,NA,NA,1,NA,NA
"combogencoo^7213^1",NA,NA,NA,1,NA,NA
"combogencoo^7213^2",NA,NA,NA,1,NA,NA
"combogencoo^7238^1",NA,NA,NA,1,NA,NA
"combogencoo^7238^2",NA,NA,NA,1,NA,NA
"combogencoo^7238^3",NA,NA,NA,1,NA,NA
"combogencoo^7242^1",NA,NA,80,20,NA,NA
"combogencoo^7266^1",NA,NA,NA,1,NA,NA
"combogencoo^7294^1",NA,NA,NA,1,NA,NA
"combogencoo^7296^1",NA,NA,NA,1,NA,NA
"combogencoo^7302^1",NA,NA,1,NA,NA,NA
"combogencoo^7307^1",NA,NA,NA,1,NA,NA
"combogencoo^7314^1",NA,NA,NA,1,NA,NA
"combogencoo^7343^1",NA,1,NA,NA,NA,NA
"combogencoo^7350^1",NA,NA,NA,1,NA,NA
"combogencoo^7380^1",NA,NA,1,NA,NA,NA
"combogencoo^7504^1",NA,NA,NA,1,NA,NA
"combogencoo^7512^1",NA,NA,1,NA,NA,NA
"combogencoo^7513^1",NA,NA,NA,1,NA,NA
"combogencoo^7527^1",NA,NA,NA,1,NA,NA
"combogencoo^7546^1",NA,NA,NA,1,NA,NA
"combogencoo^7551^1",NA,NA,NA,1,NA,NA
"combogencoo^7552^1",NA,NA,NA,1,NA,NA
"combogencoo^7604^1",NA,NA,NA,1,NA,NA
"combogencoo^7604^2",NA,NA,NA,1,NA,NA
"combogencoo^7605^1",NA,NA,NA,1,NA,NA
"combogencoo^7697^1",NA,NA,NA,1,NA,NA
"combogencoo^7698^1",NA,NA,NA,1,NA,NA
"combogencoo^7699^1",NA,NA,NA,1,NA,NA
"combogencoo^7701^1",NA,1,NA,NA,NA,NA
"combogencoo^7710^1",NA,NA,NA,1,NA,NA
"combogencoo^7710^2",NA,NA,NA,1,NA,NA
"combogencoo^7710^3",NA,NA,NA,1,NA,NA
"combogencoo^7721^1",NA,NA,NA,1,NA,NA
"combogencoo^7722^1",NA,NA,NA,1,NA,NA
"combogencoo^7737^1",NA,0.05,NA,0.95,NA,NA
"combogencoo^7757^1",NA,NA,NA,1,NA,NA
"combogencoo^7784^1",NA,0.05,NA,0.95,NA,NA
"combogencoo^7790^1",NA,NA,NA,1,NA,NA
"combogencoo^7805^1",NA,NA,NA,1,NA,NA
"combogencoo^7805^2",NA,NA,NA,1,NA,NA
"combogencoo^7826^1",NA,NA,NA,1,NA,NA
"combogencoo^7832^1",NA,NA,NA,1,NA,NA
"combogencoo^7834^1",NA,NA,NA,1,NA,NA
"combogencoo^7845^1",NA,NA,NA,1,NA,NA
"combogencoo^7846^1",NA,NA,NA,1,NA,NA
"combogencoo^7846^2",NA,NA,NA,1,NA,NA
"combogencoo^7870^1",NA,NA,NA,1,NA,NA
"combogencoo^7873^1",NA,NA,NA,NA,NA,1
"combogencoo^7873^2",NA,NA,NA,NA,NA,1
"combogencoo^7887^1",NA,NA,NA,1,NA,NA
"combogencoo^7897^1",NA,NA,NA,1,NA,NA
"combogencoo^7897^2",NA,NA,NA,1,NA,NA
"combogencoo^7900^1",NA,NA,NA,1,NA,NA
"combogencoo^7902^1",NA,NA,1,NA,NA,NA
"combogencoo^7917^1",NA,NA,NA,1,NA,NA
"combogencoo^7931^1",NA,NA,NA,1,NA,NA
"combogencoo^7946^1",NA,NA,NA,1,NA,NA
"combogencoo^7985^1",NA,NA,NA,1,NA,NA
"combogencoo^7991^1",NA,NA,NA,1,NA,NA
"combogencoo^7999^1",NA,NA,NA,1,NA,NA
"combogencoo^8000^1",NA,NA,NA,1,NA,NA
"combogencoo^8002^1",NA,NA,NA,NA,NA,1
"combogencoo^8006^1",NA,NA,NA,NA,NA,1
"combogencoo^8006^2",NA,NA,NA,NA,NA,1
"combogencoo^8011^1",NA,NA,NA,1,NA,NA
"combogencoo^8023^1",NA,NA,0.5,0.5,NA,NA
"combogencoo^8023^2",NA,NA,0.5,0.5,NA,NA
"combogencoo^8031^1",NA,NA,NA,1,NA,NA
"combogencoo^8036^1",NA,1,NA,NA,NA,NA
"combogencoo^8042^1",1,NA,NA,NA,NA,NA
"combogencoo^8042^2",1,NA,NA,NA,NA,NA
"combogencoo^8048^1",NA,NA,NA,0.1,NA,0.9
"combogencoo^8054^1",NA,1,NA,NA,NA,NA
"combogencoo^8055^1",NA,1,NA,NA,NA,NA
"combogencoo^8055^2",NA,NA,NA,1,NA,NA
"combogencoo^8056^1",NA,1,NA,NA,NA,NA
"combogencoo^8059^1",NA,NA,1,NA,NA,NA
"combogencoo^8066^1",NA,NA,NA,1,NA,NA
"combogencoo^8066^2",NA,NA,NA,1,NA,NA
"combogencoo^8066^3",NA,NA,NA,1,NA,NA
"combogencoo^8066^4",NA,NA,NA,1,NA,NA
"combogencoo^8068^1",NA,NA,NA,1,NA,NA
"combogencoo^8068^2",NA,NA,NA,1,NA,NA
"combogencoo^8068^3",NA,NA,NA,1,NA,NA
"combogencoo^8069^1",NA,NA,NA,1,NA,NA
"combogencoo^8069^2",NA,NA,NA,1,NA,NA
"combogencoo^8073^1",NA,NA,NA,1,NA,NA
"combogencoo^8102^1",NA,NA,NA,1,NA,NA
"combogencoo^8102^2",NA,NA,NA,1,NA,NA
"combogencoo^8219^1",NA,NA,NA,1,NA,NA
"combogencoo^8222^1",NA,NA,NA,1,NA,NA
"combogencoo^8223^1",NA,NA,NA,1,NA,NA
"combogencoo^8223^2",NA,NA,NA,1,NA,NA
"combogencoo^8223^3",NA,NA,NA,1,NA,NA
"combogencoo^8223^4",NA,NA,NA,1,NA,NA
"combogencoo^8224^1",NA,NA,NA,1,NA,NA
"combogencoo^8224^2",NA,NA,NA,1,NA,NA
"combogencoo^8226^1",NA,0.99,NA,0.01,NA,NA
"combogencoo^8906^1",NA,NA,NA,NA,NA,1
"combogencoo^8906^2",NA,NA,NA,NA,NA,1
"combogencoo^8906^3",NA,NA,NA,NA,NA,1
"combogencoo^8906^4",NA,NA,NA,NA,NA,1
"combogencoo^8907^1",NA,NA,NA,NA,NA,1
"combogencoo^10003^1",NA,NA,NA,1,NA,NA
"combogencoo^10012^1",NA,NA,NA,1,NA,NA
"combogencoo^10013^1",NA,NA,NA,1,NA,NA
"combogencoo^10030^1",NA,NA,NA,1,NA,NA
"combogencoo^10034^1",NA,NA,NA,1,NA,NA
"combogencoo^10043^1",NA,NA,NA,1,NA,NA
"combogencoo^10052^1",NA,NA,NA,1,NA,NA
"combogencoo^10062^1",NA,NA,NA,1,NA,NA
"combogencoo^10090^1",NA,NA,NA,1,NA,NA
"combogencoo^10099^1",NA,NA,NA,1,NA,NA
"combogencoo^10113^1",NA,NA,NA,1,NA,NA
"combogencoo^10118^1",NA,NA,NA,1,NA,NA
"combogencoo^10143^1",NA,NA,NA,1,NA,NA
"combogencoo^10151^1",NA,NA,NA,1,NA,NA
"combogencoo^10156^1",NA,NA,NA,1,NA,NA
"combogencoo^10190^1",NA,NA,NA,1,NA,NA
"combogencoo^10250^1",NA,NA,NA,1,NA,NA
"combogencoo^10290^1",NA,1,NA,NA,NA,NA
"combogencoo^10294^1",NA,NA,NA,1,NA,NA
"combogencoo^10300^1",NA,NA,NA,1,NA,NA
"combogencoo^10333^1",NA,NA,1,NA,NA,NA
"combogencoo^10342^1",NA,NA,NA,1,NA,NA
"combogencoo^10343^1",NA,NA,NA,1,NA,NA
"combogencoo^10346^1",NA,NA,NA,1,NA,NA
"combogencoo^10350^1",NA,NA,NA,0.2,0.8,NA
"combogencoo^10354^1",NA,NA,NA,1,NA,NA
"combogencoo^10356^1",NA,NA,NA,1,NA,NA
"combogencoo^10377^1",NA,NA,NA,1,NA,NA
"combogencoo^10377^2",NA,NA,NA,1,NA,NA
"combogencoo^10378^1",NA,NA,NA,1,NA,NA
"combogencoo^10378^2",NA,NA,NA,1,NA,NA
"combogencoo^10379^1",NA,NA,NA,1,NA,NA
"combogencoo^10382^1",NA,NA,NA,1,NA,NA
"combogencoo^10384^1",NA,NA,NA,1,NA,NA
"combogencoo^10384^2",NA,NA,NA,1,NA,NA
"combogencoo^10405^1",NA,NA,NA,1,NA,NA
"combogencoo^10435^1",NA,NA,NA,1,NA,NA
"combogencoo^10464^1",NA,1,NA,NA,NA,NA
"combogencoo^10495^1",NA,NA,NA,1,NA,NA
"combogencoo^10503^1",NA,1,NA,NA,NA,NA
"combogencoo^10525^1",NA,NA,NA,1,NA,NA
"combogencoo^10566^1",NA,NA,NA,1,NA,NA
"combogencoo^10567^1",NA,1,NA,NA,NA,NA
"combogencoo^10593^1",NA,NA,1,NA,NA,NA
"combogencoo^10603^1",NA,NA,NA,1,NA,NA
"combogencoo^10617^1",NA,1,NA,NA,NA,NA
"combogencoo^10620^1",NA,1,NA,NA,NA,NA
"combogencoo^10621^1",NA,NA,NA,1,NA,NA
"combogencoo^10629^1",NA,1,NA,NA,NA,NA
"combogencoo^10633^1",NA,NA,NA,1,NA,NA
"combogencoo^10641^1",NA,NA,NA,1,NA,NA
"combogencoo^10642^1",NA,NA,NA,1,NA,NA
"combogencoo^10646^1",NA,NA,NA,1,NA,NA
"combogencoo^10652^1",NA,NA,NA,1,NA,NA
"combogencoo^10671^1",NA,NA,NA,1,NA,NA
"combogencoo^10673^1",NA,NA,NA,1,NA,NA
"combogencoo^10678^1",NA,NA,NA,1,NA,NA
"combogencoo^10682^1",NA,NA,NA,1,NA,NA
"combogencoo^10682^2",NA,NA,NA,1,NA,NA
"combogencoo^10682^3",NA,NA,NA,1,NA,NA
"combogencoo^10686^1",NA,1,NA,NA,NA,NA
"combogencoo^10725^1",NA,NA,NA,1,NA,NA
"combogencoo^10725^2",NA,NA,NA,1,NA,NA
"combogencoo^10726^1",NA,NA,NA,1,NA,NA
"combogencoo^10743^1",NA,1,NA,NA,NA,NA
"combogencoo^10745^1",NA,NA,0.9,0.1,NA,NA
"combogencoo^10746^1",NA,NA,NA,1,NA,NA
"combogencoo^10751^1",NA,NA,NA,1,NA,NA
"combogencoo^10755^1",NA,NA,NA,1,NA,NA
"combogencoo^10761^1",NA,NA,NA,1,NA,NA
"combogencoo^10761^2",NA,NA,NA,1,NA,NA
"combogencoo^10761^3",NA,NA,NA,1,NA,NA
"combogencoo^10765^1",NA,NA,NA,1,NA,NA
"combogencoo^10766^1",NA,NA,NA,1,NA,NA
"combogencoo^10767^1",NA,NA,NA,1,NA,NA
"combogencoo^10771^1",NA,NA,NA,1,NA,NA
"combogencoo^10772^1",NA,NA,NA,1,NA,NA
"combogencoo^10773^1",NA,NA,NA,1,NA,NA
"combogencoo^10774^1",NA,NA,NA,1,NA,NA
"combogencoo^10777^1",NA,NA,NA,1,NA,NA
"combogencoo^10784^1",NA,NA,NA,1,NA,NA
"combogencoo^10805^1",NA,NA,NA,1,NA,NA
"combogencoo^10810^1",NA,NA,NA,0.05,0.95,NA
"combogencoo^10811^1",NA,NA,NA,1,NA,NA
"combogencoo^10812^1",NA,NA,NA,1,NA,NA
"combogencoo^10819^1",NA,NA,NA,1,NA,NA
"combogencoo^10822^1",NA,NA,NA,1,NA,NA
"combogencoo^10836^1",NA,NA,NA,1,NA,NA
"combogencoo^10838^1",NA,NA,NA,1,NA,NA
"combogencoo^10839^1",NA,NA,NA,1,NA,NA
"combogencoo^10869^1",NA,NA,NA,1,NA,NA
"combogencoo^50002^1",NA,NA,NA,1,NA,NA
"combogencoo^50071^1",NA,NA,NA,1,NA,NA
"combogencoo^50099^1",NA,NA,NA,1,NA,NA
"combogencoo^50109^1",NA,NA,NA,1,NA,NA
"combogencoo^50127^1",NA,NA,NA,1,NA,NA
"combogencoo^50201^1",NA,NA,NA,1,NA,NA
"combogencoo^50208^1",NA,NA,NA,1,NA,NA
"combogencoo^50215^1",NA,NA,NA,1,NA,NA
"combogencoo^50225^1",NA,NA,NA,1,NA,NA
"combogencoo^50273^1",NA,NA,NA,1,NA,NA
"combogencoo^50279^1",NA,NA,NA,1,NA,NA
"combogencoo^50290^1",NA,NA,NA,0.5,0.5,NA
"combogencoo^50292^1",NA,NA,NA,1,NA,NA
"combogencoo^50292^2",NA,NA,NA,1,NA,NA
"combogencoo^50293^1",NA,NA,NA,1,NA,NA
"combogencoo^50385^1",NA,NA,NA,1,NA,NA
"combogencoo^50407^1",NA,NA,NA,1,NA,NA
"combogencoo^50449^1",NA,NA,NA,0.2,0.8,NA
"combogencoo^50450^1",1,NA,NA,NA,NA,NA
"combogencoo^50451^1",NA,NA,NA,1,NA,NA
"combogencoo^50458^1",NA,NA,NA,1,NA,NA
"combogencoo^50472^1",NA,NA,NA,1,NA,NA
"combogencoo^50497^1",NA,NA,NA,1,NA,NA
"combogencoo^50498^1",NA,NA,NA,1,NA,NA
"combogencoo^50555^1",NA,NA,NA,1,NA,NA
"combogencoo^50558^1",NA,NA,NA,1,NA,NA
"combogencoo^50560^1",NA,NA,NA,0.2,0.8,NA
"combogencoo^50561^1",NA,NA,NA,1,NA,NA
"combogencoo^50572^1",NA,NA,NA,1,NA,NA
"combogencoo^50611^1",NA,NA,NA,1,NA,NA
"combogencoo^50629^1",NA,NA,NA,1,NA,NA
"combogencoo^50630^1",NA,NA,NA,1,NA,NA
"combogencoo^50632^1",NA,NA,NA,1,NA,NA
"combogencoo^50648^1",NA,NA,NA,1,NA,NA
"combogencoo^50650^1",NA,NA,NA,1,NA,NA
"combogencoo^50657^1",NA,NA,NA,1,NA,NA
"combogencoo^50658^1",NA,NA,NA,1,NA,NA
"combogencoo^50666^1",NA,NA,NA,1,NA,NA
"combogencoo^50707^1",NA,NA,NA,1,NA,NA
"combogencoo^50739^1",NA,NA,NA,1,NA,NA
"combogencoo^50744^1",NA,NA,NA,1,NA,NA
"combogencoo^50748^1",NA,NA,NA,1,NA,NA
"combogencoo^50770^1",NA,NA,NA,1,NA,NA
"combogencoo^50772^1",NA,NA,NA,1,NA,NA
"combogencoo^50774^1",NA,NA,NA,1,NA,NA
"combogencoo^50776^1",NA,NA,NA,1,NA,NA
"combogencoo^50799^1",NA,NA,NA,1,NA,NA
"combogencoo^50815^1",NA,NA,NA,1,NA,NA
"combogencoo^50835^1",NA,NA,NA,1,NA,NA
"combogencoo^50837^1",NA,NA,NA,1,NA,NA
"combogencoo^50850^1",NA,NA,NA,1,NA,NA
"combogencoo^50851^1",NA,NA,NA,0.2,0.8,NA
"combogencoo^50852^1",NA,NA,NA,1,NA,NA
"combogencoo^50858^1",NA,NA,NA,1,NA,NA
"combogencoo^50859^1",NA,NA,NA,1,NA,NA
"combogencoo^50873^1",NA,NA,NA,1,NA,NA
"combogencoo^50875^1",NA,NA,NA,1,NA,NA
"combogencoo^50876^1",NA,NA,NA,1,NA,NA
"combogencoo^50877^1",NA,NA,NA,1,NA,NA
"combogencoo^50878^1",NA,NA,NA,1,NA,NA
"combogencoo^50879^1",NA,NA,NA,1,NA,NA
"combogencoo^50880^1",NA,1,NA,NA,NA,NA
"combogencoo^50881^1",NA,NA,NA,1,NA,NA
"combogencoo^50882^1",NA,1,NA,NA,NA,NA
"combogencoo^50883^1",NA,NA,NA,1,NA,NA
"combogencoo^50884^1",NA,NA,NA,1,NA,NA
"combogencoo^50884^2",NA,NA,NA,1,NA,NA
"combogencoo^50885^1",NA,NA,NA,1,NA,NA
"combogencoo^50886^1",NA,NA,NA,0.2,0.8,NA
"combogencoo^50887^1",NA,NA,NA,NA,NA,1
"combogencoo^50888^1",NA,NA,NA,1,NA,NA
"combogencoo^50921^1",NA,NA,NA,1,NA,NA
"combogencoo^50949^1",NA,NA,1,NA,NA,NA
"combogencoo^50951^1",NA,NA,NA,1,NA,NA
"combogencoo^50966^1",NA,NA,NA,1,NA,NA
"combogencoo^50974^1",NA,NA,NA,1,NA,NA
"combogencoo^50976^1",NA,NA,NA,1,NA,NA
"combogencoo^50978^1",NA,NA,NA,1,NA,NA
"combogencoo^50993^1",NA,1,NA,NA,NA,NA
"combogencoo^51026^1",NA,NA,NA,1,NA,NA
"combogencoo^51030^1",NA,NA,NA,1,NA,NA
"combogencoo^52007^1",NA,NA,NA,1,NA,NA
"combogencoo^52007^2",NA,NA,NA,1,NA,NA
"combogencoo^52010^1",NA,NA,NA,1,NA,NA
"combogencoo^52010^2",NA,NA,NA,1,NA,NA
"combogencoo^52026^1",NA,NA,NA,1,NA,NA
"combogencoo^52056^1",NA,NA,NA,1,NA,NA
"combogencoo^52071^1",NA,NA,0.8,0.2,NA,NA
"combogencoo^52088^1",NA,NA,NA,1,NA,NA
"combogencoo^52118^1",NA,NA,NA,1,NA,NA
"combogencoo^52176^1",NA,NA,NA,1,NA,NA
"combogencoo^54015^1",NA,NA,NA,1,NA,NA
"combogencoo^54034^1",NA,NA,NA,1,NA,NA
"combogencoo^54041^1",NA,NA,NA,1,NA,NA
"combogencoo^54056^1",NA,NA,NA,1,NA,NA
"combogencoo^54076^1",NA,NA,NA,1,NA,NA
"combogencoo^54081^1",NA,NA,NA,1,NA,NA
"combogencoo^54081^2",NA,NA,NA,1,NA,NA
"combogencoo^54114^1",NA,NA,NA,1,NA,NA
"combogencoo^54131^1",NA,NA,NA,1,NA,NA
"combogencoo^54238^1",NA,NA,NA,1,NA,NA
"combogencoo^54271^1",NA,NA,NA,1,NA,NA
"combogencoo^54304^1",NA,NA,NA,1,NA,NA
"combogencoo^54324^1",NA,NA,NA,1,NA,NA
"combogencoo^54349^1",NA,NA,NA,1,NA,NA
"combogencoo^54350^1",NA,NA,NA,1,NA,NA
"combogencoo^54365^1",NA,NA,NA,1,NA,NA
"combogencoo^54415^1",NA,NA,NA,1,NA,NA
"combogencoo^54424^1",NA,NA,NA,1,NA,NA
"combogencoo^54426^1",NA,NA,NA,1,NA,NA
"combogencoo^54466^1",NA,NA,NA,1,NA,NA
"combogencoo^54476^1",NA,NA,NA,1,NA,NA
"combogencoo^54529^1",NA,NA,NA,1,NA,NA
"combogencoo^54537^1",NA,NA,NA,1,NA,NA
"combogencoo^54547^1",NA,NA,NA,1,NA,NA
"combogencoo^54547^2",NA,NA,NA,1,NA,NA
"combogencoo^54586^1",NA,NA,NA,0.5,0.5,NA
"combogencoo^54592^1",NA,NA,NA,1,NA,NA
"combogencoo^54593^1",NA,NA,NA,1,NA,NA
"combogencoo^54626^1",NA,NA,NA,1,NA,NA
"combogencoo^54627^1",NA,NA,NA,1,NA,NA
"combogencoo^54634^1",NA,NA,NA,1,NA,NA
"combogencoo^54640^1",NA,NA,NA,1,NA,NA
"combogencoo^54646^1",NA,NA,NA,1,NA,NA
"combogencoo^54676^1",NA,NA,NA,1,NA,NA
"combogencoo^54693^1",NA,NA,NA,1,NA,NA
"combogencoo^54694^1",NA,NA,NA,1,NA,NA
"combogencoo^54746^1",NA,NA,NA,1,NA,NA
"combogencoo^54749^1",NA,NA,NA,1,NA,NA
"combogencoo^54751^1",NA,NA,NA,1,NA,NA
"combogencoo^54758^1",NA,NA,NA,1,NA,NA
"combogencoo^54761^1",NA,NA,NA,1,NA,NA
"combogencoo^54761^2",NA,NA,NA,1,NA,NA
"combogencoo^54785^1",NA,1,NA,NA,NA,NA
"combogencoo^54805^1",NA,NA,NA,1,NA,NA
"combogencoo^54817^1",NA,NA,NA,1,NA,NA
"combogencoo^54832^1",NA,NA,NA,1,NA,NA
"combogencoo^54914^1",NA,NA,NA,NA,NA,1
"combogencoo^54915^1",NA,NA,NA,1,NA,NA
"combogencoo^54945^1",NA,1,NA,NA,NA,NA
"combogencoo^54974^1",NA,NA,NA,1,NA,NA
"combogencoo^55010^1",NA,NA,NA,1,NA,NA
"combogencoo^55011^1",NA,NA,NA,1,NA,NA
"combogencoo^55040^1",NA,NA,NA,1,NA,NA
"combogencoo^55041^1",NA,NA,NA,1,NA,NA
"combogencoo^55042^1",NA,NA,NA,NA,NA,1
"combogencoo^55043^1",NA,NA,NA,1,NA,NA
"combogencoo^55047^1",NA,NA,NA,1,NA,NA
"combogencoo^55047^2",NA,NA,NA,1,NA,NA
"combogencoo^55048^1",NA,NA,NA,0.2,0.8,NA
"combogencoo^55062^1",NA,NA,NA,1,NA,NA
"combogencoo^55063^1",NA,NA,NA,1,NA,NA
"combogencoo^55065^1",NA,NA,NA,1,NA,NA
"combogencoo^55068^1",NA,NA,NA,1,NA,NA
"combogencoo^55075^1",NA,NA,NA,1,NA,NA
"combogencoo^55076^1",NA,NA,NA,1,NA,NA
"combogencoo^55079^1",NA,NA,NA,1,NA,NA
"combogencoo^55086^1",NA,NA,NA,1,NA,NA
"combogencoo^55087^1",NA,NA,NA,1,NA,NA
"combogencoo^55088^1",NA,1,NA,NA,NA,NA
"combogencoo^55090^1",NA,NA,NA,1,NA,NA
"combogencoo^55096^1",1,NA,NA,NA,NA,NA
"combogencoo^55097^1",NA,NA,NA,1,NA,NA
"combogencoo^55097^2",NA,NA,NA,1,NA,NA
"combogencoo^55100^1",NA,NA,NA,0.05,0.95,NA
"combogencoo^55103^1",NA,NA,NA,1,NA,NA
"combogencoo^55104^1",NA,NA,NA,0.5,0.5,NA
"combogencoo^55107^1",NA,NA,NA,1,NA,NA
"combogencoo^55123^1",NA,NA,NA,1,NA,NA
"combogencoo^55124^1",NA,NA,NA,1,NA,NA
"combogencoo^55126^1",NA,NA,NA,1,NA,NA
"combogencoo^55129^1",NA,NA,NA,1,NA,NA
"combogencoo^55131^1",NA,NA,NA,1,NA,NA
"combogencoo^55131^2",NA,NA,NA,1,NA,NA
"combogencoo^55132^1",NA,NA,NA,1,NA,NA
"combogencoo^55137^1",NA,NA,NA,1,NA,NA
"combogencoo^55139^1",NA,NA,NA,1,NA,NA
"combogencoo^55144^3",NA,NA,NA,1,NA,NA
"combogencoo^55144^4",NA,NA,NA,1,NA,NA
"combogencoo^55144^1",NA,NA,NA,NA,1,NA
"combogencoo^55144^2",NA,NA,NA,NA,1,NA
"combogencoo^55146^1",NA,NA,NA,1,NA,NA
"combogencoo^55146^2",NA,NA,NA,1,NA,NA
"combogencoo^55146^3",NA,NA,NA,1,NA,NA
"combogencoo^55151^1",NA,NA,NA,1,NA,NA
"combogencoo^55151^2",NA,NA,NA,1,NA,NA
"combogencoo^55153^1",NA,NA,NA,1,NA,NA
"combogencoo^55153^2",NA,NA,NA,1,NA,NA
"combogencoo^55154^1",1,NA,NA,NA,NA,NA
"combogencoo^55168^1",NA,NA,NA,1,NA,NA
"combogencoo^55170^1",NA,NA,NA,1,NA,NA
"combogencoo^55172^1",NA,NA,NA,1,NA,NA
"combogencoo^55173^1",NA,NA,NA,1,NA,NA
"combogencoo^55173^2",NA,NA,NA,1,NA,NA
"combogencoo^55176^1",NA,NA,NA,1,NA,NA
"combogencoo^55177^1",NA,NA,NA,1,NA,NA
"combogencoo^55178^1",NA,NA,NA,1,NA,NA
"combogencoo^55179^1",NA,NA,NA,1,NA,NA
"combogencoo^55182^1",NA,NA,NA,1,NA,NA
"combogencoo^55183^1",NA,NA,NA,1,NA,NA
"combogencoo^55183^2",NA,NA,NA,1,NA,NA
"combogencoo^55187^1",NA,NA,NA,1,NA,NA
"combogencoo^55188^1",NA,NA,NA,1,NA,NA
"combogencoo^55193^1",NA,NA,NA,1,NA,NA
"combogencoo^55197^1",NA,NA,NA,1,NA,NA
"combogencoo^55197^2",NA,NA,NA,1,NA,NA
"combogencoo^55197^3",NA,NA,NA,1,NA,NA
"combogencoo^55200^1",NA,NA,NA,1,NA,NA
"combogencoo^55206^1",NA,NA,NA,1,NA,NA
"combogencoo^55210^1",NA,NA,NA,0.5,0.5,NA
"combogencoo^55215^1",NA,NA,NA,1,NA,NA
"combogencoo^55215^2",NA,NA,NA,1,NA,NA
"combogencoo^55216^1",NA,NA,NA,1,NA,NA
"combogencoo^55217^1",NA,NA,NA,1,NA,NA
"combogencoo^55218^1",NA,NA,NA,1,NA,NA
"combogencoo^55220^1",NA,NA,NA,1,NA,NA
"combogencoo^55221^1",NA,NA,NA,1,NA,NA
"combogencoo^55223^1",NA,NA,NA,1,NA,NA
"combogencoo^55225^1",NA,NA,NA,1,NA,NA
"combogencoo^55225^2",NA,NA,NA,1,NA,NA
"combogencoo^55226^1",NA,NA,NA,1,NA,NA
"combogencoo^55226^2",NA,NA,NA,1,NA,NA
"combogencoo^55230^1",NA,NA,NA,1,NA,NA
"combogencoo^55230^2",NA,NA,NA,1,NA,NA
"combogencoo^55231^1",NA,NA,NA,1,NA,NA
"combogencoo^55239^1",NA,NA,NA,1,NA,NA
"combogencoo^55241^1",NA,NA,NA,1,NA,NA
"combogencoo^55242^1",NA,NA,NA,1,NA,NA
"combogencoo^55259^1",NA,NA,NA,1,NA,NA
"combogencoo^55269^1",NA,NA,NA,1,NA,NA
"combogencoo^55269^2",NA,NA,NA,1,NA,NA
"combogencoo^55269^3",NA,NA,NA,1,NA,NA
"combogencoo^55270^1",NA,NA,NA,1,NA,NA
"combogencoo^55271^1",NA,NA,NA,1,NA,NA
"combogencoo^55282^1",NA,NA,NA,1,NA,NA
"combogencoo^55292^1",NA,NA,NA,1,NA,NA
"combogencoo^55293^1",NA,NA,NA,1,NA,NA
"combogencoo^55294^1",NA,NA,NA,1,NA,NA
"combogencoo^55295^1",NA,NA,NA,1,NA,NA
"combogencoo^55297^1",NA,NA,NA,1,NA,NA
"combogencoo^55297^2",NA,NA,NA,1,NA,NA
"combogencoo^55297^3",NA,NA,NA,1,NA,NA
"combogencoo^55298^1",NA,NA,NA,1,NA,NA
"combogencoo^55298^2",NA,NA,NA,1,NA,NA
"combogencoo^55299^1",NA,NA,NA,1,NA,NA
"combogencoo^55306^1",NA,NA,NA,1,NA,NA
"combogencoo^55320^1",NA,NA,NA,1,NA,NA
"combogencoo^55327^1",NA,NA,NA,1,NA,NA
"combogencoo^55328^1",NA,NA,NA,1,NA,NA
"combogencoo^55333^1",NA,NA,NA,1,NA,NA
"combogencoo^55334^1",NA,NA,NA,1,NA,NA
"combogencoo^55337^1",NA,NA,NA,1,NA,NA
"combogencoo^55340^1",NA,NA,NA,1,NA,NA
"combogencoo^55343^1",NA,NA,NA,1,NA,NA
"combogencoo^55350^1",NA,NA,NA,1,NA,NA
"combogencoo^55357^1",NA,NA,NA,1,NA,NA
"combogencoo^55358^1",NA,NA,NA,1,NA,NA
"combogencoo^55358^2",NA,NA,NA,1,NA,NA
"combogencoo^55358^3",NA,NA,NA,1,NA,NA
"combogencoo^55358^4",NA,NA,NA,1,NA,NA
"combogencoo^55364^1",NA,NA,NA,1,NA,NA
"combogencoo^55369^1",NA,NA,NA,1,NA,NA
"combogencoo^55372^1",NA,NA,NA,1,NA,NA
"combogencoo^55380^1",NA,NA,NA,1,NA,NA
"combogencoo^55380^2",NA,NA,NA,1,NA,NA
"combogencoo^55380^3",NA,NA,NA,1,NA,NA
"combogencoo^55380^4",NA,NA,NA,1,NA,NA
"combogencoo^55382^1",NA,NA,NA,1,NA,NA
"combogencoo^55382^2",NA,NA,NA,1,NA,NA
"combogencoo^55386^1",NA,NA,NA,1,NA,NA
"combogencoo^55393^1",NA,NA,NA,1,NA,NA
"combogencoo^55397^1",NA,NA,NA,1,NA,NA
"combogencoo^55400^1",NA,NA,NA,1,NA,NA
"combogencoo^55404^1",NA,NA,NA,1,NA,NA
"combogencoo^55406^1",NA,NA,NA,1,NA,NA
"combogencoo^55411^1",NA,NA,NA,1,NA,NA
"combogencoo^55412^1",NA,NA,NA,1,NA,NA
"combogencoo^55418^1",NA,NA,NA,1,NA,NA
"combogencoo^55439^1",NA,NA,NA,1,NA,NA
"combogencoo^55440^1",NA,NA,NA,1,NA,NA
"combogencoo^55451^1",NA,NA,NA,1,NA,NA
"combogencoo^55451^2",NA,NA,NA,1,NA,NA
"combogencoo^55451^3",NA,NA,NA,1,NA,NA
"combogencoo^55455^1",NA,NA,NA,1,NA,NA
"combogencoo^55455^2",NA,NA,NA,1,NA,NA
"combogencoo^55457^1",NA,NA,NA,1,NA,NA
"combogencoo^55463^1",NA,NA,NA,1,NA,NA
"combogencoo^55463^2",NA,NA,NA,1,NA,NA
"combogencoo^55463^3",NA,NA,NA,1,NA,NA
"combogencoo^55463^4",NA,NA,NA,1,NA,NA
"combogencoo^55464^1",NA,NA,NA,1,NA,NA
"combogencoo^55467^1",NA,NA,NA,1,NA,NA
"combogencoo^55467^2",NA,NA,NA,1,NA,NA
"combogencoo^55467^3",NA,NA,NA,1,NA,NA
"combogencoo^55480^1",NA,NA,NA,1,NA,NA
"combogencoo^55480^2",NA,NA,NA,1,NA,NA
"combogencoo^55481^1",NA,NA,NA,1,NA,NA
"combogencoo^55482^1",NA,NA,NA,0.6,0.4,NA
"combogencoo^55501^1",NA,NA,NA,1,NA,NA
"combogencoo^55501^2",NA,NA,NA,1,NA,NA
"combogencoo^55502^1",NA,NA,NA,1,NA,NA
"combogencoo^55502^2",NA,NA,NA,1,NA,NA
"combogencoo^55503^1",NA,NA,NA,1,NA,NA
"combogencoo^55516^1",NA,NA,NA,1,NA,NA
"combogencoo^55518^1",NA,NA,NA,1,NA,NA
"combogencoo^55524^1",NA,NA,NA,1,NA,NA
"combogencoo^55545^1",NA,NA,NA,1,NA,NA
"combogencoo^55620^1",NA,NA,NA,1,NA,NA
"combogencoo^55641^1",NA,NA,NA,1,NA,NA
"combogencoo^55656^1",NA,NA,NA,1,NA,NA
"combogencoo^55656^2",NA,NA,NA,1,NA,NA
"combogencoo^55661^1",NA,NA,NA,1,NA,NA
"combogencoo^55664^1",NA,NA,NA,1,NA,NA
"combogencoo^55667^1",NA,NA,NA,1,NA,NA
"combogencoo^55690^1",NA,NA,NA,1,NA,NA
"combogencoo^55694^1",NA,NA,NA,1,NA,NA
"combogencoo^55700^1",NA,NA,NA,1,NA,NA
"combogencoo^55701^1",NA,NA,NA,1,NA,NA
"combogencoo^55708^1",NA,NA,NA,1,NA,NA
"combogencoo^55710^1",NA,NA,NA,1,NA,NA
"combogencoo^55714^1",NA,NA,NA,1,NA,NA
"combogencoo^55736^1",NA,NA,NA,1,NA,NA
"combogencoo^55736^2",NA,NA,NA,1,NA,NA
"combogencoo^55748^1",NA,NA,NA,1,NA,NA
"combogencoo^55749^1",NA,NA,NA,1,NA,NA
"combogencoo^55801^1",NA,NA,NA,1,NA,NA
"combogencoo^55818^1",NA,NA,NA,1,NA,NA
"combogencoo^55821^1",NA,NA,NA,1,NA,NA
"combogencoo^55835^1",NA,NA,NA,1,NA,NA
"combogencoo^55853^1",NA,NA,NA,1,NA,NA
"combogencoo^55853^2",NA,NA,NA,1,NA,NA
"combogencoo^55856^1",NA,NA,NA,1,NA,NA
"combogencoo^55856^2",NA,NA,NA,1,NA,NA
"combogencoo^55927^1",NA,NA,NA,1,NA,NA
"combogencoo^55965^1",NA,NA,NA,1,NA,NA
"combogencoo^55965^2",NA,NA,NA,1,NA,NA
"combogencoo^55966^1",NA,NA,NA,1,NA,NA
"combogencoo^55970^1",NA,NA,NA,1,NA,NA
"combogencoo^55977^1",NA,NA,NA,1,NA,NA
"combogencoo^55985^1",NA,NA,NA,1,NA,NA
"combogencoo^55990^1",NA,NA,NA,1,NA,NA
"combogencoo^56026^1",NA,NA,NA,1,NA,NA
"combogencoo^56031^1",NA,NA,NA,1,NA,NA
"combogencoo^56041^1",NA,NA,NA,1,NA,NA
"combogencoo^56046^1",NA,NA,NA,1,NA,NA
"combogencoo^56068^1",1,NA,NA,NA,NA,NA
"combogencoo^56078^1",NA,NA,NA,1,NA,NA
"combogencoo^56104^1",NA,NA,NA,1,NA,NA
"combogencoo^56119^1",NA,1,NA,NA,NA,NA
"combogencoo^56150^1",NA,NA,NA,1,NA,NA
"combogencoo^56150^2",NA,NA,NA,1,NA,NA
"combogencoo^56164^1",NA,NA,NA,1,NA,NA
"combogencoo^56177^1",NA,NA,NA,1,NA,NA
"combogencoo^56188^1",NA,NA,NA,1,NA,NA
"combogencoo^56224^1",NA,NA,NA,1,NA,NA
"combogencoo^56227^1",NA,NA,NA,1,NA,NA
"combogencoo^56237^1",NA,NA,NA,1,NA,NA
"combogencoo^56237^2",NA,NA,NA,1,NA,NA
"combogencoo^56237^3",NA,NA,NA,1,NA,NA
"combogencoo^56259^1",NA,NA,NA,1,NA,NA
"combogencoo^56298^1",NA,NA,NA,1,NA,NA
"combogencoo^56309^1",NA,NA,NA,1,NA,NA
"combogencoo^56319^1",NA,NA,NA,0.05,0.95,NA
"combogencoo^56349^1",NA,NA,NA,1,NA,NA
"combogencoo^56349^2",NA,NA,NA,1,NA,NA
"combogencoo^56350^1",NA,NA,NA,1,NA,NA
"combogencoo^56350^2",NA,NA,NA,1,NA,NA
"combogencoo^56356^1",NA,NA,NA,1,NA,NA
"combogencoo^56400^1",NA,NA,NA,1,NA,NA
"combogencoo^56407^1",NA,NA,NA,1,NA,NA
"combogencoo^56407^2",NA,NA,NA,1,NA,NA
"combogencoo^56407^3",NA,NA,NA,1,NA,NA
"combogencoo^56456^1",NA,NA,NA,1,NA,NA
"combogencoo^56467^1",NA,NA,NA,1,NA,NA
"combogencoo^56564^1",NA,NA,NA,1,NA,NA
"combogencoo^56565^1",NA,NA,NA,1,NA,NA
"combogencoo^56611^1",NA,NA,NA,1,NA,NA
"combogencoo^56616^1",NA,NA,NA,1,NA,NA
"combogencoo^56643^1",NA,NA,NA,1,NA,NA
"combogencoo^56671^1",NA,NA,NA,1,NA,NA
"combogencoo^56706^1",NA,NA,NA,1,NA,NA
"combogencoo^56707^1",NA,NA,NA,1,NA,NA
"combogencoo^56786^1",NA,NA,NA,1,NA,NA
"combogencoo^56798^1",NA,NA,NA,1,NA,NA
"combogencoo^56806^1",NA,NA,NA,NA,NA,1
"combogencoo^56806^2",NA,NA,NA,NA,NA,1
"combogencoo^56807^1",NA,NA,NA,1,NA,NA
"combogencoo^56846^1",NA,NA,NA,1,NA,NA
"combogencoo^56963^1",NA,NA,NA,1,NA,NA
"combogencoo^56963^2",NA,NA,NA,1,NA,NA
"combogencoo^56998^1",NA,NA,NA,1,NA,NA
"combogencoo^56998^2",NA,NA,NA,1,NA,NA
"combogencoo^57028^1",NA,NA,NA,1,NA,NA
"combogencoo^57037^1",NA,NA,NA,1,NA,NA
"combogencoo^57119^1",NA,NA,NA,1,NA,NA
"combogencoo^57138^1",NA,NA,NA,1,NA,NA
"combogencoo^57241^1",NA,NA,NA,1,NA,NA
"combogencoo^57349^1",NA,NA,NA,1,NA,NA
"combogencoo^57564^1",NA,NA,NA,1,NA,NA
"combogencoo^57703^1",NA,NA,NA,1,NA,NA
"combogencoo^57794^1",NA,NA,NA,1,NA,NA
"combogencoo^57839^1",NA,NA,NA,1,NA,NA
"combogencoo^57898^1",NA,NA,NA,1,NA,NA
"combogencoo^57978^1",NA,NA,NA,1,NA,NA
"combogencoo^58001^1",NA,NA,NA,1,NA,NA
"combogencoo^58001^2",NA,NA,NA,1,NA,NA
"combogencoo^58005^1",NA,NA,NA,1,NA,NA
"combogencoo^58007^1",NA,NA,NA,1,NA,NA
"combogencoo^58054^1",NA,NA,NA,1,NA,NA
"combogencoo^58079^1",NA,NA,NA,1,NA,NA
"combogencoo^58124^1",NA,NA,NA,1,NA,NA
"combogencoo^58205^1",NA,NA,NA,1,NA,NA
"combogencoo^58215^1",NA,NA,1,NA,NA,NA
"combogencoo^58236^1",NA,NA,NA,1,NA,NA
"combogencoo^58427^1",NA,NA,NA,1,NA,NA
"combogencoo^58478^1",NA,NA,NA,1,NA,NA
"combogencoo^58503^1",NA,NA,NA,1,NA,NA
"combogencoo^58557^1",NA,NA,NA,1,NA,NA
"combogencoo^58560^1",NA,NA,NA,1,NA,NA
"combogencoo^58574^1",NA,NA,NA,1,NA,NA
"combogencoo^58697^1",NA,NA,1,NA,NA,NA
"combogencoo^58706^1",NA,NA,NA,1,NA,NA
"combogencoo^58707^1",NA,NA,NA,1,NA,NA
"combogencoo^58870^1",NA,NA,NA,1,NA,NA
"combogencoo^59004^1",NA,NA,NA,1,NA,NA
"combogencoo^59035^1",NA,NA,NA,1,NA,NA
"combogencoo^59093^1",NA,NA,NA,1,NA,NA
"combogencoo^59220^1",NA,NA,NA,1,NA,NA
"combogencoo^59254^1",NA,NA,NA,1,NA,NA
"combogencoo^59325^1",NA,NA,NA,1,NA,NA
"combogencoo^59326^1",NA,NA,NA,1,NA,NA
"combogencoo^59338^1",NA,NA,NA,1,NA,NA
"combogencoo^59338^2",NA,NA,NA,1,NA,NA
"combogencoo^59764^1",NA,NA,NA,1,NA,NA
"combogencoo^59784^1",NA,NA,NA,1,NA,NA
"combogencoo^60340^1",NA,NA,NA,1,NA,NA
"combogencoo^60368^1",NA,NA,NA,1,NA,NA
"combogencoo^60376^1",NA,NA,NA,1,NA,NA
"combogencoo^60421^1",NA,NA,NA,1,NA,NA
"combogencoo^60464^1",NA,NA,NA,1,NA,NA
"combogencoo^60768^1",NA,NA,NA,1,NA,NA
